Postnumre, kommuner og regioner, 1.1.2016		
		
Hele Landet		
		
postnumre	kommuner	regioner
1000 København K	101 København	1084 Hovedstaden
1050 København K	101 København	1084 Hovedstaden
1051 København K	101 København	1084 Hovedstaden
1052 København K	101 København	1084 Hovedstaden
1053 København K	101 København	1084 Hovedstaden
1054 København K	101 København	1084 Hovedstaden
1055 København K	101 København	1084 Hovedstaden
1056 København K	101 København	1084 Hovedstaden
1057 København K	101 København	1084 Hovedstaden
1058 København K	101 København	1084 Hovedstaden
1059 København K	101 København	1084 Hovedstaden
1060 København K	101 København	1084 Hovedstaden
1061 København K	101 København	1084 Hovedstaden
1062 København K	101 København	1084 Hovedstaden
1063 København K	101 København	1084 Hovedstaden
1064 København K	101 København	1084 Hovedstaden
1065 København K	101 København	1084 Hovedstaden
1066 København K	101 København	1084 Hovedstaden
1067 København K	101 København	1084 Hovedstaden
1068 København K	101 København	1084 Hovedstaden
1069 København K	101 København	1084 Hovedstaden
1070 København K	101 København	1084 Hovedstaden
1071 København K	101 København	1084 Hovedstaden
1072 København K	101 København	1084 Hovedstaden
1073 København K	101 København	1084 Hovedstaden
1074 København K	101 København	1084 Hovedstaden
1092 København K	101 København	1084 Hovedstaden
1093 København K	101 København	1084 Hovedstaden
1094 København K	101 København	1084 Hovedstaden
1095 København K	101 København	1084 Hovedstaden
1096 København K	101 København	1084 Hovedstaden
1097 København K	101 København	1084 Hovedstaden
1098 København K	101 København	1084 Hovedstaden
1100 København K	101 København	1084 Hovedstaden
1101 København K	101 København	1084 Hovedstaden
1102 København K	101 København	1084 Hovedstaden
1103 København K	101 København	1084 Hovedstaden
1104 København K	101 København	1084 Hovedstaden
1105 København K	101 København	1084 Hovedstaden
1106 København K	101 København	1084 Hovedstaden
1107 København K	101 København	1084 Hovedstaden
1108 København K	101 København	1084 Hovedstaden
1109 København K	101 København	1084 Hovedstaden
1110 København K	101 København	1084 Hovedstaden
1111 København K	101 København	1084 Hovedstaden
1112 København K	101 København	1084 Hovedstaden
1113 København K	101 København	1084 Hovedstaden
1114 København K	101 København	1084 Hovedstaden
1115 København K	101 København	1084 Hovedstaden
1116 København K	101 København	1084 Hovedstaden
1117 København K	101 København	1084 Hovedstaden
1118 København K	101 København	1084 Hovedstaden
1119 København K	101 København	1084 Hovedstaden
1120 København K	101 København	1084 Hovedstaden
1121 København K	101 København	1084 Hovedstaden
1122 København K	101 København	1084 Hovedstaden
1123 København K	101 København	1084 Hovedstaden
1124 København K	101 København	1084 Hovedstaden
1125 København K	101 København	1084 Hovedstaden
1126 København K	101 København	1084 Hovedstaden
1127 København K	101 København	1084 Hovedstaden
1128 København K	101 København	1084 Hovedstaden
1129 København K	101 København	1084 Hovedstaden
1130 København K	101 København	1084 Hovedstaden
1131 København K	101 København	1084 Hovedstaden
1140 København K	101 København	1084 Hovedstaden
1145 København K	101 København	1084 Hovedstaden
1146 København K	101 København	1084 Hovedstaden
1147 København K	101 København	1084 Hovedstaden
1148 København K	101 København	1084 Hovedstaden
1149 København K	101 København	1084 Hovedstaden
1150 København K	101 København	1084 Hovedstaden
1151 København K	101 København	1084 Hovedstaden
1152 København K	101 København	1084 Hovedstaden
1153 København K	101 København	1084 Hovedstaden
1154 København K	101 København	1084 Hovedstaden
1156 København K	101 København	1084 Hovedstaden
1157 København K	101 København	1084 Hovedstaden
1158 København K	101 København	1084 Hovedstaden
1159 København K	101 København	1084 Hovedstaden
1160 København K	101 København	1084 Hovedstaden
1161 København K	101 København	1084 Hovedstaden
1162 København K	101 København	1084 Hovedstaden
1163 København K	101 København	1084 Hovedstaden
1164 København K	101 København	1084 Hovedstaden
1165 København K	101 København	1084 Hovedstaden
1166 København K	101 København	1084 Hovedstaden
1167 København K	101 København	1084 Hovedstaden
1168 København K	101 København	1084 Hovedstaden
1169 København K	101 København	1084 Hovedstaden
1170 København K	101 København	1084 Hovedstaden
1171 København K	101 København	1084 Hovedstaden
1172 København K	101 København	1084 Hovedstaden
1173 København K	101 København	1084 Hovedstaden
1174 København K	101 København	1084 Hovedstaden
1175 København K	101 København	1084 Hovedstaden
1200 København K	101 København	1084 Hovedstaden
1201 København K	101 København	1084 Hovedstaden
1202 København K	101 København	1084 Hovedstaden
1203 København K	101 København	1084 Hovedstaden
1204 København K	101 København	1084 Hovedstaden
1205 København K	101 København	1084 Hovedstaden
1206 København K	101 København	1084 Hovedstaden
1207 København K	101 København	1084 Hovedstaden
1208 København K	101 København	1084 Hovedstaden
1209 København K	101 København	1084 Hovedstaden
1210 København K	101 København	1084 Hovedstaden
1211 København K	101 København	1084 Hovedstaden
1212 København K	101 København	1084 Hovedstaden
1213 København K	101 København	1084 Hovedstaden
1214 København K	101 København	1084 Hovedstaden
1215 København K	101 København	1084 Hovedstaden
1216 København K	101 København	1084 Hovedstaden
1217 København K	101 København	1084 Hovedstaden
1218 København K	101 København	1084 Hovedstaden
1219 København K	101 København	1084 Hovedstaden
1220 København K	101 København	1084 Hovedstaden
1221 København K	101 København	1084 Hovedstaden
1222 København K	101 København	1084 Hovedstaden
1240 København K	101 København	1084 Hovedstaden
1248 København K	101 København	1084 Hovedstaden
1249 København K	101 København	1084 Hovedstaden
1250 København K	101 København	1084 Hovedstaden
1251 København K	101 København	1084 Hovedstaden
1252 København K	101 København	1084 Hovedstaden
1253 København K	101 København	1084 Hovedstaden
1254 København K	101 København	1084 Hovedstaden
1255 København K	101 København	1084 Hovedstaden
1256 København K	101 København	1084 Hovedstaden
1257 København K	101 København	1084 Hovedstaden
1258 København K	101 København	1084 Hovedstaden
1259 København K	101 København	1084 Hovedstaden
1260 København K	101 København	1084 Hovedstaden
1261 København K	101 København	1084 Hovedstaden
1262 København K	101 København	1084 Hovedstaden
1263 København K	101 København	1084 Hovedstaden
1264 København K	101 København	1084 Hovedstaden
1265 København K	101 København	1084 Hovedstaden
1266 København K	101 København	1084 Hovedstaden
1267 København K	101 København	1084 Hovedstaden
1268 København K	101 København	1084 Hovedstaden
1269 København K	101 København	1084 Hovedstaden
1270 København K	101 København	1084 Hovedstaden
1271 København K	101 København	1084 Hovedstaden
1300 København K	101 København	1084 Hovedstaden
1301 København K	101 København	1084 Hovedstaden
1302 København K	101 København	1084 Hovedstaden
1303 København K	101 København	1084 Hovedstaden
1304 København K	101 København	1084 Hovedstaden
1305 København K	101 København	1084 Hovedstaden
1306 København K	101 København	1084 Hovedstaden
1307 København K	101 København	1084 Hovedstaden
1308 København K	101 København	1084 Hovedstaden
1309 København K	101 København	1084 Hovedstaden
1310 København K	101 København	1084 Hovedstaden
1311 København K	101 København	1084 Hovedstaden
1312 København K	101 København	1084 Hovedstaden
1313 København K	101 København	1084 Hovedstaden
1314 København K	101 København	1084 Hovedstaden
1315 København K	101 København	1084 Hovedstaden
1316 København K	101 København	1084 Hovedstaden
1317 København K	101 København	1084 Hovedstaden
1318 København K	101 København	1084 Hovedstaden
1319 København K	101 København	1084 Hovedstaden
1320 København K	101 København	1084 Hovedstaden
1321 København K	101 København	1084 Hovedstaden
1322 København K	101 København	1084 Hovedstaden
1323 København K	101 København	1084 Hovedstaden
1324 København K	101 København	1084 Hovedstaden
1325 København K	101 København	1084 Hovedstaden
1326 København K	101 København	1084 Hovedstaden
1327 København K	101 København	1084 Hovedstaden
1328 København K	101 København	1084 Hovedstaden
1329 København K	101 København	1084 Hovedstaden
1347 København K	101 København	1084 Hovedstaden
1348 København K	101 København	1084 Hovedstaden
1349 København K	101 København	1084 Hovedstaden
1350 København K	101 København	1084 Hovedstaden
1351 København K	101 København	1084 Hovedstaden
1352 København K	101 København	1084 Hovedstaden
1353 København K	101 København	1084 Hovedstaden
1354 København K	101 København	1084 Hovedstaden
1355 København K	101 København	1084 Hovedstaden
1356 København K	101 København	1084 Hovedstaden
1357 København K	101 København	1084 Hovedstaden
1358 København K	101 København	1084 Hovedstaden
1359 København K	101 København	1084 Hovedstaden
1360 København K	101 København	1084 Hovedstaden
1361 København K	101 København	1084 Hovedstaden
1362 København K	101 København	1084 Hovedstaden
1363 København K	101 København	1084 Hovedstaden
1364 København K	101 København	1084 Hovedstaden
1365 København K	101 København	1084 Hovedstaden
1366 København K	101 København	1084 Hovedstaden
1367 København K	101 København	1084 Hovedstaden
1368 København K	101 København	1084 Hovedstaden
1369 København K	101 København	1084 Hovedstaden
1370 København K	101 København	1084 Hovedstaden
1371 København K	101 København	1084 Hovedstaden
1372 København K	101 København	1084 Hovedstaden
1373 København K	101 København	1084 Hovedstaden
1374 København K	101 København	1084 Hovedstaden
1374 København K	101 København	1084 Hovedstaden
1375 København K	101 København	1084 Hovedstaden
1376 København K	101 København	1084 Hovedstaden
1377 København K	101 København	1084 Hovedstaden
1378 København K	101 København	1084 Hovedstaden
1379 København K	101 København	1084 Hovedstaden
1380 København K	101 København	1084 Hovedstaden
1381 København K	101 København	1084 Hovedstaden
1382 København K	101 København	1084 Hovedstaden
1383 København K	101 København	1084 Hovedstaden
1384 København K	101 København	1084 Hovedstaden
1385 København K	101 København	1084 Hovedstaden
1386 København K	101 København	1084 Hovedstaden
1387 København K	101 København	1084 Hovedstaden
1388 København K	101 København	1084 Hovedstaden
1389 København K	101 København	1084 Hovedstaden
1390 København K	101 København	1084 Hovedstaden
1391 København K	101 København	1084 Hovedstaden
1392 København K	101 København	1084 Hovedstaden
1393 København K	101 København	1084 Hovedstaden
1394 København K	101 København	1084 Hovedstaden
1395 København K	101 København	1084 Hovedstaden
1396 København K	101 København	1084 Hovedstaden
1397 København K	101 København	1084 Hovedstaden
1398 København K	101 København	1084 Hovedstaden
1399 København K	101 København	1084 Hovedstaden
1400 København K	101 København	1084 Hovedstaden
1401 København K	101 København	1084 Hovedstaden
1402 København K	101 København	1084 Hovedstaden
1403 København K	101 København	1084 Hovedstaden
1404 København K	101 København	1084 Hovedstaden
1405 København K	101 København	1084 Hovedstaden
1406 København K	101 København	1084 Hovedstaden
1407 København K	101 København	1084 Hovedstaden
1408 København K	101 København	1084 Hovedstaden
1409 København K	101 København	1084 Hovedstaden
1410 København K	101 København	1084 Hovedstaden
1411 København K	101 København	1084 Hovedstaden
1412 København K	101 København	1084 Hovedstaden
1413 København K	101 København	1084 Hovedstaden
1414 København K	101 København	1084 Hovedstaden
1415 København K	101 København	1084 Hovedstaden
1416 København K	101 København	1084 Hovedstaden
1417 København K	101 København	1084 Hovedstaden
1418 København K	101 København	1084 Hovedstaden
1419 København K	101 København	1084 Hovedstaden
1420 København K	101 København	1084 Hovedstaden
1421 København K	101 København	1084 Hovedstaden
1422 København K	101 København	1084 Hovedstaden
1423 København K	101 København	1084 Hovedstaden
1424 København K	101 København	1084 Hovedstaden
1425 København K	101 København	1084 Hovedstaden
1426 København K	101 København	1084 Hovedstaden
1427 København K	101 København	1084 Hovedstaden
1428 København K	101 København	1084 Hovedstaden
1429 København K	101 København	1084 Hovedstaden
1430 København K	101 København	1084 Hovedstaden
1431 København K	101 København	1084 Hovedstaden
1432 København K	101 København	1084 Hovedstaden
1433 København K	101 København	1084 Hovedstaden
1434 København K	101 København	1084 Hovedstaden
1435 København K	101 København	1084 Hovedstaden
1436 København K	101 København	1084 Hovedstaden
1437 København K	101 København	1084 Hovedstaden
1438 København K	101 København	1084 Hovedstaden
1439 København K	101 København	1084 Hovedstaden
1440 København K	101 København	1084 Hovedstaden
1441 København K	101 København	1084 Hovedstaden
1442 København K	101 København	1084 Hovedstaden
1443 København K	101 København	1084 Hovedstaden
1444 København K	101 København	1084 Hovedstaden
1445 København K	101 København	1084 Hovedstaden
1446 København K	101 København	1084 Hovedstaden
1447 København K	101 København	1084 Hovedstaden
1448 København K	101 København	1084 Hovedstaden
1449 København K	101 København	1084 Hovedstaden
1450 København K	101 København	1084 Hovedstaden
1451 København K	101 København	1084 Hovedstaden
1452 København K	101 København	1084 Hovedstaden
1453 København K	101 København	1084 Hovedstaden
1454 København K	101 København	1084 Hovedstaden
1455 København K	101 København	1084 Hovedstaden
1456 København K	101 København	1084 Hovedstaden
1457 København K	101 København	1084 Hovedstaden
1458 København K	101 København	1084 Hovedstaden
1459 København K	101 København	1084 Hovedstaden
1460 København K	101 København	1084 Hovedstaden
1461 København K	101 København	1084 Hovedstaden
1462 København K	101 København	1084 Hovedstaden
1463 København K	101 København	1084 Hovedstaden
1464 København K	101 København	1084 Hovedstaden
1465 København K	101 København	1084 Hovedstaden
1466 København K	101 København	1084 Hovedstaden
1467 København K	101 København	1084 Hovedstaden
1468 København K	101 København	1084 Hovedstaden
1469 København K	101 København	1084 Hovedstaden
1470 København K	101 København	1084 Hovedstaden
1471 København K	101 København	1084 Hovedstaden
1472 København K	101 København	1084 Hovedstaden
1473 København K	101 København	1084 Hovedstaden
1500 København V	101 København	1084 Hovedstaden
1500 København V	101 København	1084 Hovedstaden
1501 København V	101 København	1084 Hovedstaden
1502 København V	101 København	1084 Hovedstaden
1503 København V	101 København	1084 Hovedstaden
1504 København V	101 København	1084 Hovedstaden
1505 København V	101 København	1084 Hovedstaden
1506 København V	101 København	1084 Hovedstaden
1507 København V	101 København	1084 Hovedstaden
1508 København V	101 København	1084 Hovedstaden
1509 København V	101 København	1084 Hovedstaden
1510 København V	101 København	1084 Hovedstaden
1527 København V	101 København	1084 Hovedstaden
1529 København V	101 København	1084 Hovedstaden
1532 København V	101 København	1084 Hovedstaden
1533 København V	101 København	1084 Hovedstaden
1541 København V	101 København	1084 Hovedstaden
1550 København V	101 København	1084 Hovedstaden
1551 København V	101 København	1084 Hovedstaden
1552 København V	101 København	1084 Hovedstaden
1553 København V	101 København	1084 Hovedstaden
1554 København V	101 København	1084 Hovedstaden
1555 København V	101 København	1084 Hovedstaden
1556 København V	101 København	1084 Hovedstaden
1557 København V	101 København	1084 Hovedstaden
1558 København V	101 København	1084 Hovedstaden
1559 København V	101 København	1084 Hovedstaden
1560 København V	101 København	1084 Hovedstaden
1561 København V	101 København	1084 Hovedstaden
1562 København V	101 København	1084 Hovedstaden
1563 København V	101 København	1084 Hovedstaden
1564 København V	101 København	1084 Hovedstaden
1565 København V	101 København	1084 Hovedstaden
1566 København V	101 København	1084 Hovedstaden
1567 København V	101 København	1084 Hovedstaden
1568 København V	101 København	1084 Hovedstaden
1569 København V	101 København	1084 Hovedstaden
1570 København V	101 København	1084 Hovedstaden
1571 København V	101 København	1084 Hovedstaden
1572 København V	101 København	1084 Hovedstaden
1573 København V	101 København	1084 Hovedstaden
1574 København V	101 København	1084 Hovedstaden
1575 København V	101 København	1084 Hovedstaden
1576 København V	101 København	1084 Hovedstaden
1577 København V	101 København	1084 Hovedstaden
1583 København V	101 København	1084 Hovedstaden
1590 København V	101 København	1084 Hovedstaden
1592 København V	101 København	1084 Hovedstaden
1593 København V	101 København	1084 Hovedstaden
1594 København V	101 København	1084 Hovedstaden
1595 København V	101 København	1084 Hovedstaden
1596 København V	101 København	1084 Hovedstaden
1597 København V	101 København	1084 Hovedstaden
1598 København V	101 København	1084 Hovedstaden
1599 København V	101 København	1084 Hovedstaden
1600 København V	101 København	1084 Hovedstaden
1601 København V	101 København	1084 Hovedstaden
1602 København V	101 København	1084 Hovedstaden
1603 København V	101 København	1084 Hovedstaden
1604 København V	101 København	1084 Hovedstaden
1605 København V	101 København	1084 Hovedstaden
1606 København V	101 København	1084 Hovedstaden
1607 København V	101 København	1084 Hovedstaden
1608 København V	101 København	1084 Hovedstaden
1609 København V	101 København	1084 Hovedstaden
1610 København V	101 København	1084 Hovedstaden
1611 København V	101 København	1084 Hovedstaden
1612 København V	101 København	1084 Hovedstaden
1613 København V	101 København	1084 Hovedstaden
1614 København V	101 København	1084 Hovedstaden
1615 København V	101 København	1084 Hovedstaden
1616 København V	101 København	1084 Hovedstaden
1617 København V	101 København	1084 Hovedstaden
1618 København V	101 København	1084 Hovedstaden
1619 København V	101 København	1084 Hovedstaden
1620 København V	101 København	1084 Hovedstaden
1621 København V	101 København	1084 Hovedstaden
1622 København V	101 København	1084 Hovedstaden
1623 København V	101 København	1084 Hovedstaden
1624 København V	101 København	1084 Hovedstaden
1630 København V	101 København	1084 Hovedstaden
1631 København V	101 København	1084 Hovedstaden
1632 København V	101 København	1084 Hovedstaden
1633 København V	101 København	1084 Hovedstaden
1634 København V	101 København	1084 Hovedstaden
1635 København V	101 København	1084 Hovedstaden
1639 København V	101 København	1084 Hovedstaden
1640 København V	101 København	1084 Hovedstaden
1648 København V	101 København	1084 Hovedstaden
1650 København V	101 København	1084 Hovedstaden
1651 København V	101 København	1084 Hovedstaden
1652 København V	101 København	1084 Hovedstaden
1653 København V	101 København	1084 Hovedstaden
1654 København V	101 København	1084 Hovedstaden
1655 København V	101 København	1084 Hovedstaden
1656 København V	101 København	1084 Hovedstaden
1657 København V	101 København	1084 Hovedstaden
1658 København V	101 København	1084 Hovedstaden
1659 København V	101 København	1084 Hovedstaden
1660 København V	101 København	1084 Hovedstaden
1661 København V	101 København	1084 Hovedstaden
1662 København V	101 København	1084 Hovedstaden
1663 København V	101 København	1084 Hovedstaden
1664 København V	101 København	1084 Hovedstaden
1665 København V	101 København	1084 Hovedstaden
1666 København V	101 København	1084 Hovedstaden
1667 København V	101 København	1084 Hovedstaden
1668 København V	101 København	1084 Hovedstaden
1669 København V	101 København	1084 Hovedstaden
1670 København V	101 København	1084 Hovedstaden
1671 København V	101 København	1084 Hovedstaden
1672 København V	101 København	1084 Hovedstaden
1673 København V	101 København	1084 Hovedstaden
1674 København V	101 København	1084 Hovedstaden
1675 København V	101 København	1084 Hovedstaden
1676 København V	101 København	1084 Hovedstaden
1677 København V	101 København	1084 Hovedstaden
1678 København V	101 København	1084 Hovedstaden
1679 København V	101 København	1084 Hovedstaden
1680 København V	101 København	1084 Hovedstaden
1681 København V	101 København	1084 Hovedstaden
1682 København V	101 København	1084 Hovedstaden
1683 København V	101 København	1084 Hovedstaden
1684 København V	101 København	1084 Hovedstaden
1685 København V	101 København	1084 Hovedstaden
1686 København V	101 København	1084 Hovedstaden
1687 København V	101 København	1084 Hovedstaden
1688 København V	101 København	1084 Hovedstaden
1689 København V	101 København	1084 Hovedstaden
1690 København V	101 København	1084 Hovedstaden
1691 København V	101 København	1084 Hovedstaden
1692 København V	101 København	1084 Hovedstaden
1693 København V	101 København	1084 Hovedstaden
1694 København V	101 København	1084 Hovedstaden
1695 København V	101 København	1084 Hovedstaden
1696 København V	101 København	1084 Hovedstaden
1697 København V	101 København	1084 Hovedstaden
1698 København V	101 København	1084 Hovedstaden
1699 København V	101 København	1084 Hovedstaden
1700 København V	101 København	1084 Hovedstaden
1701 København V	101 København	1084 Hovedstaden
1702 København V	101 København	1084 Hovedstaden
1703 København V	101 København	1084 Hovedstaden
1704 København V	101 København	1084 Hovedstaden
1705 København V	101 København	1084 Hovedstaden
1706 København V	101 København	1084 Hovedstaden
1707 København V	101 København	1084 Hovedstaden
1708 København V	101 København	1084 Hovedstaden
1709 København V	101 København	1084 Hovedstaden
1710 København V	101 København	1084 Hovedstaden
1711 København V	101 København	1084 Hovedstaden
1712 København V	101 København	1084 Hovedstaden
1713 København V	101 København	1084 Hovedstaden
1714 København V	101 København	1084 Hovedstaden
1715 København V	101 København	1084 Hovedstaden
1716 København V	101 København	1084 Hovedstaden
1717 København V	101 København	1084 Hovedstaden
1718 København V	101 København	1084 Hovedstaden
1719 København V	101 København	1084 Hovedstaden
1720 København V	101 København	1084 Hovedstaden
1721 København V	101 København	1084 Hovedstaden
1722 København V	101 København	1084 Hovedstaden
1723 København V	101 København	1084 Hovedstaden
1724 København V	101 København	1084 Hovedstaden
1725 København V	101 København	1084 Hovedstaden
1726 København V	101 København	1084 Hovedstaden
1727 København V	101 København	1084 Hovedstaden
1728 København V	101 København	1084 Hovedstaden
1729 København V	101 København	1084 Hovedstaden
1730 København V	101 København	1084 Hovedstaden
1731 København V	101 København	1084 Hovedstaden
1732 København V	101 København	1084 Hovedstaden
1733 København V	101 København	1084 Hovedstaden
1734 København V	101 København	1084 Hovedstaden
1735 København V	101 København	1084 Hovedstaden
1736 København V	101 København	1084 Hovedstaden
1737 København V	101 København	1084 Hovedstaden
1738 København V	101 København	1084 Hovedstaden
1739 København V	101 København	1084 Hovedstaden
1740 København V	101 København	1084 Hovedstaden
1741 København V	101 København	1084 Hovedstaden
1742 København V	101 København	1084 Hovedstaden
1743 København V	101 København	1084 Hovedstaden
1744 København V	101 København	1084 Hovedstaden
1745 København V	101 København	1084 Hovedstaden
1746 København V	101 København	1084 Hovedstaden
1747 København V	101 København	1084 Hovedstaden
1748 København V	101 København	1084 Hovedstaden
1749 København V	101 København	1084 Hovedstaden
1750 København V	101 København	1084 Hovedstaden
1751 København V	101 København	1084 Hovedstaden
1752 København V	101 København	1084 Hovedstaden
1753 København V	101 København	1084 Hovedstaden
1754 København V	101 København	1084 Hovedstaden
1755 København V	101 København	1084 Hovedstaden
1756 København V	101 København	1084 Hovedstaden
1757 København V	101 København	1084 Hovedstaden
1758 København V	101 København	1084 Hovedstaden
1759 København V	101 København	1084 Hovedstaden
1760 København V	101 København	1084 Hovedstaden
1761 København V	101 København	1084 Hovedstaden
1762 København V	101 København	1084 Hovedstaden
1763 København V	101 København	1084 Hovedstaden
1764 København V	101 København	1084 Hovedstaden
1765 København V	101 København	1084 Hovedstaden
1766 København V	101 København	1084 Hovedstaden
1767 København V	101 København	1084 Hovedstaden
1768 København V	101 København	1084 Hovedstaden
1769 København V	101 København	1084 Hovedstaden
1770 København V	101 København	1084 Hovedstaden
1771 København V	101 København	1084 Hovedstaden
1772 København V	101 København	1084 Hovedstaden
1773 København V	101 København	1084 Hovedstaden
1774 København V	101 København	1084 Hovedstaden
1775 København V	101 København	1084 Hovedstaden
1777 København V	101 København	1084 Hovedstaden
1778 København V	101 København	1084 Hovedstaden
1779 København V	101 København	1084 Hovedstaden
1780 København V	101 København	1084 Hovedstaden
1781 København V	101 København	1084 Hovedstaden
1782 København V	101 København	1084 Hovedstaden
1783 København V	101 København	1084 Hovedstaden
1784 København V	101 København	1084 Hovedstaden
1785 København V	101 København	1084 Hovedstaden
1786 København V	101 København	1084 Hovedstaden
1787 København V	101 København	1084 Hovedstaden
1788 København V	101 København	1084 Hovedstaden
1789 København V	101 København	1084 Hovedstaden
1790 København V	101 København	1084 Hovedstaden
1791 København V	101 København	1084 Hovedstaden
1792 København V	101 København	1084 Hovedstaden
1793 København V	101 København	1084 Hovedstaden
1794 København V	101 København	1084 Hovedstaden
1795 København V	101 København	1084 Hovedstaden
1796 København V	101 København	1084 Hovedstaden
1797 København V	101 København	1084 Hovedstaden
1798 København V	101 København	1084 Hovedstaden
1799 København V	101 København	1084 Hovedstaden
1800 Frederiksberg C	147 Frederiksberg	1084 Hovedstaden
1801 Frederiksberg C	147 Frederiksberg	1084 Hovedstaden
1802 Frederiksberg C	147 Frederiksberg	1084 Hovedstaden
1803 Frederiksberg C	147 Frederiksberg	1084 Hovedstaden
1804 Frederiksberg C	147 Frederiksberg	1084 Hovedstaden
1805 Frederiksberg C	147 Frederiksberg	1084 Hovedstaden
1806 Frederiksberg C	147 Frederiksberg	1084 Hovedstaden
1807 Frederiksberg C	147 Frederiksberg	1084 Hovedstaden
1808 Frederiksberg C	147 Frederiksberg	1084 Hovedstaden
1809 Frederiksberg C	147 Frederiksberg	1084 Hovedstaden
1810 Frederiksberg C	147 Frederiksberg	1084 Hovedstaden
1811 Frederiksberg C	147 Frederiksberg	1084 Hovedstaden
1812 Frederiksberg C	147 Frederiksberg	1084 Hovedstaden
1813 Frederiksberg C	147 Frederiksberg	1084 Hovedstaden
1814 Frederiksberg C	147 Frederiksberg	1084 Hovedstaden
1815 Frederiksberg C	147 Frederiksberg	1084 Hovedstaden
1816 Frederiksberg C	147 Frederiksberg	1084 Hovedstaden
1817 Frederiksberg C	147 Frederiksberg	1084 Hovedstaden
1818 Frederiksberg C	147 Frederiksberg	1084 Hovedstaden
1819 Frederiksberg C	147 Frederiksberg	1084 Hovedstaden
1820 Frederiksberg C	147 Frederiksberg	1084 Hovedstaden
1821 Frederiksberg C	147 Frederiksberg	1084 Hovedstaden
1822 Frederiksberg C	147 Frederiksberg	1084 Hovedstaden
1823 Frederiksberg C	147 Frederiksberg	1084 Hovedstaden
1824 Frederiksberg C	147 Frederiksberg	1084 Hovedstaden
1825 Frederiksberg C	147 Frederiksberg	1084 Hovedstaden
1826 Frederiksberg C	147 Frederiksberg	1084 Hovedstaden
1827 Frederiksberg C	147 Frederiksberg	1084 Hovedstaden
1828 Frederiksberg C	147 Frederiksberg	1084 Hovedstaden
1829 Frederiksberg C	147 Frederiksberg	1084 Hovedstaden
1830 Frederiksberg C	147 Frederiksberg	1084 Hovedstaden
1831 Frederiksberg C	147 Frederiksberg	1084 Hovedstaden
1832 Frederiksberg C	147 Frederiksberg	1084 Hovedstaden
1833 Frederiksberg C	147 Frederiksberg	1084 Hovedstaden
1834 Frederiksberg C	147 Frederiksberg	1084 Hovedstaden
1835 Frederiksberg C	147 Frederiksberg	1084 Hovedstaden
1836 Frederiksberg C	147 Frederiksberg	1084 Hovedstaden
1837 Frederiksberg C	147 Frederiksberg	1084 Hovedstaden
1838 Frederiksberg C	147 Frederiksberg	1084 Hovedstaden
1839 Frederiksberg C	147 Frederiksberg	1084 Hovedstaden
1840 Frederiksberg C	147 Frederiksberg	1084 Hovedstaden
1841 Frederiksberg C	147 Frederiksberg	1084 Hovedstaden
1842 Frederiksberg C	147 Frederiksberg	1084 Hovedstaden
1843 Frederiksberg C	147 Frederiksberg	1084 Hovedstaden
1844 Frederiksberg C	147 Frederiksberg	1084 Hovedstaden
1845 Frederiksberg C	147 Frederiksberg	1084 Hovedstaden
1846 Frederiksberg C	147 Frederiksberg	1084 Hovedstaden
1847 Frederiksberg C	147 Frederiksberg	1084 Hovedstaden
1848 Frederiksberg C	147 Frederiksberg	1084 Hovedstaden
1849 Frederiksberg C	147 Frederiksberg	1084 Hovedstaden
1850 Frederiksberg C	147 Frederiksberg	1084 Hovedstaden
1851 Frederiksberg C	147 Frederiksberg	1084 Hovedstaden
1852 Frederiksberg C	147 Frederiksberg	1084 Hovedstaden
1853 Frederiksberg C	147 Frederiksberg	1084 Hovedstaden
1854 Frederiksberg C	147 Frederiksberg	1084 Hovedstaden
1855 Frederiksberg C	147 Frederiksberg	1084 Hovedstaden
1856 Frederiksberg C	147 Frederiksberg	1084 Hovedstaden
1857 Frederiksberg C	147 Frederiksberg	1084 Hovedstaden
1858 Frederiksberg C	147 Frederiksberg	1084 Hovedstaden
1859 Frederiksberg C	147 Frederiksberg	1084 Hovedstaden
1860 Frederiksberg C	147 Frederiksberg	1084 Hovedstaden
1861 Frederiksberg C	147 Frederiksberg	1084 Hovedstaden
1862 Frederiksberg C	147 Frederiksberg	1084 Hovedstaden
1863 Frederiksberg C	147 Frederiksberg	1084 Hovedstaden
1864 Frederiksberg C	147 Frederiksberg	1084 Hovedstaden
1865 Frederiksberg C	147 Frederiksberg	1084 Hovedstaden
1866 Frederiksberg C	147 Frederiksberg	1084 Hovedstaden
1867 Frederiksberg C	147 Frederiksberg	1084 Hovedstaden
1868 Frederiksberg C	147 Frederiksberg	1084 Hovedstaden
1869 Frederiksberg C	147 Frederiksberg	1084 Hovedstaden
1870 Frederiksberg C	147 Frederiksberg	1084 Hovedstaden
1871 Frederiksberg C	147 Frederiksberg	1084 Hovedstaden
1872 Frederiksberg C	147 Frederiksberg	1084 Hovedstaden
1873 Frederiksberg C	147 Frederiksberg	1084 Hovedstaden
1874 Frederiksberg C	147 Frederiksberg	1084 Hovedstaden
1875 Frederiksberg C	147 Frederiksberg	1084 Hovedstaden
1876 Frederiksberg C	147 Frederiksberg	1084 Hovedstaden
1877 Frederiksberg C	147 Frederiksberg	1084 Hovedstaden
1878 Frederiksberg C	147 Frederiksberg	1084 Hovedstaden
1879 Frederiksberg C	147 Frederiksberg	1084 Hovedstaden
1880 Frederiksberg C	147 Frederiksberg	1084 Hovedstaden
1881 Frederiksberg C	147 Frederiksberg	1084 Hovedstaden
1882 Frederiksberg C	147 Frederiksberg	1084 Hovedstaden
1883 Frederiksberg C	147 Frederiksberg	1084 Hovedstaden
1884 Frederiksberg C	147 Frederiksberg	1084 Hovedstaden
1885 Frederiksberg C	147 Frederiksberg	1084 Hovedstaden
1886 Frederiksberg C	147 Frederiksberg	1084 Hovedstaden
1887 Frederiksberg C	147 Frederiksberg	1084 Hovedstaden
1888 Frederiksberg C	147 Frederiksberg	1084 Hovedstaden
1889 Frederiksberg C	147 Frederiksberg	1084 Hovedstaden
1890 Frederiksberg C	147 Frederiksberg	1084 Hovedstaden
1891 Frederiksberg C	147 Frederiksberg	1084 Hovedstaden
1892 Frederiksberg C	147 Frederiksberg	1084 Hovedstaden
1893 Frederiksberg C	147 Frederiksberg	1084 Hovedstaden
1894 Frederiksberg C	147 Frederiksberg	1084 Hovedstaden
1895 Frederiksberg C	147 Frederiksberg	1084 Hovedstaden
1896 Frederiksberg C	147 Frederiksberg	1084 Hovedstaden
1897 Frederiksberg C	147 Frederiksberg	1084 Hovedstaden
1898 Frederiksberg C	147 Frederiksberg	1084 Hovedstaden
1899 Frederiksberg C	147 Frederiksberg	1084 Hovedstaden
1900 Frederiksberg C	147 Frederiksberg	1084 Hovedstaden
1901 Frederiksberg C	147 Frederiksberg	1084 Hovedstaden
1902 Frederiksberg C	147 Frederiksberg	1084 Hovedstaden
1903 Frederiksberg C	147 Frederiksberg	1084 Hovedstaden
1904 Frederiksberg C	147 Frederiksberg	1084 Hovedstaden
1905 Frederiksberg C	147 Frederiksberg	1084 Hovedstaden
1906 Frederiksberg C	147 Frederiksberg	1084 Hovedstaden
1907 Frederiksberg C	147 Frederiksberg	1084 Hovedstaden
1908 Frederiksberg C	147 Frederiksberg	1084 Hovedstaden
1909 Frederiksberg C	147 Frederiksberg	1084 Hovedstaden
1910 Frederiksberg C	147 Frederiksberg	1084 Hovedstaden
1911 Frederiksberg C	147 Frederiksberg	1084 Hovedstaden
1912 Frederiksberg C	147 Frederiksberg	1084 Hovedstaden
1913 Frederiksberg C	147 Frederiksberg	1084 Hovedstaden
1914 Frederiksberg C	147 Frederiksberg	1084 Hovedstaden
1915 Frederiksberg C	147 Frederiksberg	1084 Hovedstaden
1916 Frederiksberg C	147 Frederiksberg	1084 Hovedstaden
1917 Frederiksberg C	147 Frederiksberg	1084 Hovedstaden
1918 Frederiksberg C	147 Frederiksberg	1084 Hovedstaden
1919 Frederiksberg C	147 Frederiksberg	1084 Hovedstaden
1920 Frederiksberg C	147 Frederiksberg	1084 Hovedstaden
1921 Frederiksberg C	147 Frederiksberg	1084 Hovedstaden
1922 Frederiksberg C	147 Frederiksberg	1084 Hovedstaden
1923 Frederiksberg C	147 Frederiksberg	1084 Hovedstaden
1924 Frederiksberg C	147 Frederiksberg	1084 Hovedstaden
1925 Frederiksberg C	147 Frederiksberg	1084 Hovedstaden
1926 Frederiksberg C	147 Frederiksberg	1084 Hovedstaden
1927 Frederiksberg C	147 Frederiksberg	1084 Hovedstaden
1928 Frederiksberg C	147 Frederiksberg	1084 Hovedstaden
1929 Frederiksberg C	147 Frederiksberg	1084 Hovedstaden
1930 Frederiksberg C	147 Frederiksberg	1084 Hovedstaden
1931 Frederiksberg C	147 Frederiksberg	1084 Hovedstaden
1932 Frederiksberg C	147 Frederiksberg	1084 Hovedstaden
1933 Frederiksberg C	147 Frederiksberg	1084 Hovedstaden
1934 Frederiksberg C	147 Frederiksberg	1084 Hovedstaden
1935 Frederiksberg C	147 Frederiksberg	1084 Hovedstaden
1936 Frederiksberg C	147 Frederiksberg	1084 Hovedstaden
1937 Frederiksberg C	147 Frederiksberg	1084 Hovedstaden
1938 Frederiksberg C	147 Frederiksberg	1084 Hovedstaden
1939 Frederiksberg C	147 Frederiksberg	1084 Hovedstaden
1940 Frederiksberg C	147 Frederiksberg	1084 Hovedstaden
1941 Frederiksberg C	147 Frederiksberg	1084 Hovedstaden
1942 Frederiksberg C	147 Frederiksberg	1084 Hovedstaden
1943 Frederiksberg C	147 Frederiksberg	1084 Hovedstaden
1944 Frederiksberg C	147 Frederiksberg	1084 Hovedstaden
1945 Frederiksberg C	147 Frederiksberg	1084 Hovedstaden
1946 Frederiksberg C	147 Frederiksberg	1084 Hovedstaden
1947 Frederiksberg C	147 Frederiksberg	1084 Hovedstaden
1948 Frederiksberg C	147 Frederiksberg	1084 Hovedstaden
1949 Frederiksberg C	147 Frederiksberg	1084 Hovedstaden
1950 Frederiksberg C	147 Frederiksberg	1084 Hovedstaden
1951 Frederiksberg C	147 Frederiksberg	1084 Hovedstaden
1952 Frederiksberg C	147 Frederiksberg	1084 Hovedstaden
1953 Frederiksberg C	147 Frederiksberg	1084 Hovedstaden
1954 Frederiksberg C	147 Frederiksberg	1084 Hovedstaden
1955 Frederiksberg C	147 Frederiksberg	1084 Hovedstaden
1956 Frederiksberg C	147 Frederiksberg	1084 Hovedstaden
1957 Frederiksberg C	147 Frederiksberg	1084 Hovedstaden
1958 Frederiksberg C	147 Frederiksberg	1084 Hovedstaden
1959 Frederiksberg C	147 Frederiksberg	1084 Hovedstaden
1960 Frederiksberg C	147 Frederiksberg	1084 Hovedstaden
1961 Frederiksberg C	147 Frederiksberg	1084 Hovedstaden
1962 Frederiksberg C	147 Frederiksberg	1084 Hovedstaden
1963 Frederiksberg C	147 Frederiksberg	1084 Hovedstaden
1964 Frederiksberg C	147 Frederiksberg	1084 Hovedstaden
1965 Frederiksberg C	147 Frederiksberg	1084 Hovedstaden
1966 Frederiksberg C	147 Frederiksberg	1084 Hovedstaden
1967 Frederiksberg C	147 Frederiksberg	1084 Hovedstaden
1968 Frederiksberg C	147 Frederiksberg	1084 Hovedstaden
1969 Frederiksberg C	147 Frederiksberg	1084 Hovedstaden
1970 Frederiksberg C	147 Frederiksberg	1084 Hovedstaden
1971 Frederiksberg C	147 Frederiksberg	1084 Hovedstaden
1972 Frederiksberg C	147 Frederiksberg	1084 Hovedstaden
1973 Frederiksberg C	147 Frederiksberg	1084 Hovedstaden
1974 Frederiksberg C	147 Frederiksberg	1084 Hovedstaden
1975 Frederiksberg C	147 Frederiksberg	1084 Hovedstaden
1976 Frederiksberg C	147 Frederiksberg	1084 Hovedstaden
1977 Frederiksberg C	147 Frederiksberg	1084 Hovedstaden
1978 Frederiksberg C	147 Frederiksberg	1084 Hovedstaden
1979 Frederiksberg C	147 Frederiksberg	1084 Hovedstaden
1980 Frederiksberg C	147 Frederiksberg	1084 Hovedstaden
1981 Frederiksberg C	147 Frederiksberg	1084 Hovedstaden
1982 Frederiksberg C	147 Frederiksberg	1084 Hovedstaden
1983 Frederiksberg C	147 Frederiksberg	1084 Hovedstaden
1984 Frederiksberg C	147 Frederiksberg	1084 Hovedstaden
1985 Frederiksberg C	147 Frederiksberg	1084 Hovedstaden
1986 Frederiksberg C	147 Frederiksberg	1084 Hovedstaden
1987 Frederiksberg C	147 Frederiksberg	1084 Hovedstaden
1988 Frederiksberg C	147 Frederiksberg	1084 Hovedstaden
1989 Frederiksberg C	147 Frederiksberg	1084 Hovedstaden
1990 Frederiksberg C	147 Frederiksberg	1084 Hovedstaden
1991 Frederiksberg C	147 Frederiksberg	1084 Hovedstaden
1992 Frederiksberg C	147 Frederiksberg	1084 Hovedstaden
1993 Frederiksberg C	147 Frederiksberg	1084 Hovedstaden
1994 Frederiksberg C	147 Frederiksberg	1084 Hovedstaden
1995 Frederiksberg C	147 Frederiksberg	1084 Hovedstaden
1996 Frederiksberg C	147 Frederiksberg	1084 Hovedstaden
1997 Frederiksberg C	147 Frederiksberg	1084 Hovedstaden
1998 Frederiksberg C	147 Frederiksberg	1084 Hovedstaden
1999 Frederiksberg C	147 Frederiksberg	1084 Hovedstaden
2000 Frederiksberg	101 København	1084 Hovedstaden
2000 Frederiksberg	147 Frederiksberg	1084 Hovedstaden
2001 Frederiksberg	147 Frederiksberg	1084 Hovedstaden
2002 Frederiksberg	147 Frederiksberg	1084 Hovedstaden
2003 Frederiksberg	147 Frederiksberg	1084 Hovedstaden
2006 Frederiksberg	147 Frederiksberg	1084 Hovedstaden
2100 København Ø	101 København	1084 Hovedstaden
2103 København Ø	101 København	1084 Hovedstaden
2150 Nordhavn	101 København	1084 Hovedstaden
2200 København N	101 København	1084 Hovedstaden
2200 København N	147 Frederiksberg	1084 Hovedstaden
2201 København N	101 København	1084 Hovedstaden
2300 København S	101 København	1084 Hovedstaden
2300 København S	185 Tårnby	1084 Hovedstaden
2301 København S	101 København	1084 Hovedstaden
2305 København S	101 København	1084 Hovedstaden
2306 København S	101 København	1084 Hovedstaden
2307 København S	101 København	1084 Hovedstaden
2310 København S	101 København	1084 Hovedstaden
2400 København NV	101 København	1084 Hovedstaden
2450 København SV	101 København	1084 Hovedstaden
2500 Valby	101 København	1084 Hovedstaden
2503 Valby	101 København	1084 Hovedstaden
2600 Glostrup	161 Glostrup	1084 Hovedstaden
2600 Glostrup	165 Albertslund	1084 Hovedstaden
2605 Brøndby	153 Brøndby	1084 Hovedstaden
2610 Rødovre	101 København	1084 Hovedstaden
2610 Rødovre	167 Hvidovre	1084 Hovedstaden
2610 Rødovre	175 Rødovre	1084 Hovedstaden
2620 Albertslund	165 Albertslund	1084 Hovedstaden
2625 Vallensbæk	187 Vallensbæk	1084 Hovedstaden
2630 Taastrup	169 Høje-Taastrup	1084 Hovedstaden
2635 Ishøj	183 Ishøj	1084 Hovedstaden
2640 Hedehusene	169 Høje-Taastrup	1084 Hovedstaden
2640 Hedehusene	183 Ishøj	1084 Hovedstaden
2640 Hedehusene	253 Greve	1085 Sjælland
2640 Hedehusene	265 Roskilde	1085 Sjælland
2650 Hvidovre	153 Brøndby	1084 Hovedstaden
2650 Hvidovre	167 Hvidovre	1084 Hovedstaden
2660 Brøndby Strand	153 Brøndby	1084 Hovedstaden
2660 Brøndby Strand	167 Hvidovre	1084 Hovedstaden
2665 Vallensbæk Strand	187 Vallensbæk	1084 Hovedstaden
2670 Greve	253 Greve	1085 Sjælland
2680 Solrød Strand	269 Solrød	1085 Sjælland
2690 Karlslunde	253 Greve	1085 Sjælland
2690 Karlslunde	269 Solrød	1085 Sjælland
2700 Brønshøj	101 København	1084 Hovedstaden
2720 Vanløse	101 København	1084 Hovedstaden
2720 Vanløse	147 Frederiksberg	1084 Hovedstaden
2730 Herlev	151 Ballerup	1084 Hovedstaden
2730 Herlev	163 Herlev	1084 Hovedstaden
2740 Skovlunde	151 Ballerup	1084 Hovedstaden
2740 Skovlunde	163 Herlev	1084 Hovedstaden
2750 Ballerup	151 Ballerup	1084 Hovedstaden
2750 Ballerup	240 Egedal	1084 Hovedstaden
2760 Måløv	151 Ballerup	1084 Hovedstaden
2765 Smørum	240 Egedal	1084 Hovedstaden
2770 Kastrup	101 København	1084 Hovedstaden
2770 Kastrup	185 Tårnby	1084 Hovedstaden
2791 Dragør	155 Dragør	1084 Hovedstaden
2791 Dragør	185 Tårnby	1084 Hovedstaden
2800 Kgs. Lyngby	157 Gentofte	1084 Hovedstaden
2800 Kgs. Lyngby	159 Gladsaxe	1084 Hovedstaden
2800 Kgs. Lyngby	173 Lyngby-Taarbæk	1084 Hovedstaden
2800 Kgs. Lyngby	230 Rudersdal	1084 Hovedstaden
2820 Gentofte	157 Gentofte	1084 Hovedstaden
2820 Gentofte	159 Gladsaxe	1084 Hovedstaden
2830 Virum	173 Lyngby-Taarbæk	1084 Hovedstaden
2830 Virum	230 Rudersdal	1084 Hovedstaden
2840 Holte	173 Lyngby-Taarbæk	1084 Hovedstaden
2840 Holte	230 Rudersdal	1084 Hovedstaden
2850 Nærum	230 Rudersdal	1084 Hovedstaden
2860 Søborg	101 København	1084 Hovedstaden
2860 Søborg	159 Gladsaxe	1084 Hovedstaden
2870 Dyssegård	157 Gentofte	1084 Hovedstaden
2880 Bagsværd	159 Gladsaxe	1084 Hovedstaden
2880 Bagsværd	163 Herlev	1084 Hovedstaden
2880 Bagsværd	190 Furesø	1084 Hovedstaden
2900 Hellerup	101 København	1084 Hovedstaden
2900 Hellerup	157 Gentofte	1084 Hovedstaden
2920 Charlottenlund	157 Gentofte	1084 Hovedstaden
2930 Klampenborg	157 Gentofte	1084 Hovedstaden
2930 Klampenborg	173 Lyngby-Taarbæk	1084 Hovedstaden
2942 Skodsborg	230 Rudersdal	1084 Hovedstaden
2950 Vedbæk	223 Hørsholm	1084 Hovedstaden
2950 Vedbæk	230 Rudersdal	1084 Hovedstaden
2960 Rungsted Kyst	223 Hørsholm	1084 Hovedstaden
2970 Hørsholm	210 Fredensborg	1084 Hovedstaden
2970 Hørsholm	223 Hørsholm	1084 Hovedstaden
2970 Hørsholm	230 Rudersdal	1084 Hovedstaden
2980 Kokkedal	210 Fredensborg	1084 Hovedstaden
2980 Kokkedal	223 Hørsholm	1084 Hovedstaden
2990 Nivå	210 Fredensborg	1084 Hovedstaden
3000 Helsingør	217 Helsingør	1084 Hovedstaden
3050 Humlebæk	210 Fredensborg	1084 Hovedstaden
3060 Espergærde	210 Fredensborg	1084 Hovedstaden
3060 Espergærde	217 Helsingør	1084 Hovedstaden
3070 Snekkersten	217 Helsingør	1084 Hovedstaden
3080 Tikøb	217 Helsingør	1084 Hovedstaden
3100 Hornbæk	217 Helsingør	1084 Hovedstaden
3100 Hornbæk	270 Gribskov	1084 Hovedstaden
3120 Dronningmølle	270 Gribskov	1084 Hovedstaden
3140 Ålsgårde	217 Helsingør	1084 Hovedstaden
3150 Hellebæk	217 Helsingør	1084 Hovedstaden
3200 Helsinge	219 Hillerød	1084 Hovedstaden
3200 Helsinge	270 Gribskov	1084 Hovedstaden
3210 Vejby	270 Gribskov	1084 Hovedstaden
3220 Tisvildeleje	270 Gribskov	1084 Hovedstaden
3230 Græsted	217 Helsingør	1084 Hovedstaden
3230 Græsted	219 Hillerød	1084 Hovedstaden
3230 Græsted	270 Gribskov	1084 Hovedstaden
3250 Gilleleje	270 Gribskov	1084 Hovedstaden
3300 Frederiksværk	260 Halsnæs	1084 Hovedstaden
3300 Frederiksværk	270 Gribskov	1084 Hovedstaden
3310 Ølsted	219 Hillerød	1084 Hovedstaden
3310 Ølsted	260 Halsnæs	1084 Hovedstaden
3320 Skævinge	219 Hillerød	1084 Hovedstaden
3320 Skævinge	260 Halsnæs	1084 Hovedstaden
3330 Gørløse	219 Hillerød	1084 Hovedstaden
3360 Liseleje	260 Halsnæs	1084 Hovedstaden
3370 Melby	260 Halsnæs	1084 Hovedstaden
3390 Hundested	260 Halsnæs	1084 Hovedstaden
3400 Hillerød	201 Allerød	1084 Hovedstaden
3400 Hillerød	210 Fredensborg	1084 Hovedstaden
3400 Hillerød	219 Hillerød	1084 Hovedstaden
3450 Allerød	201 Allerød	1084 Hovedstaden
3450 Allerød	210 Fredensborg	1084 Hovedstaden
3450 Allerød	219 Hillerød	1084 Hovedstaden
3460 Birkerød	190 Furesø	1084 Hovedstaden
3460 Birkerød	201 Allerød	1084 Hovedstaden
3460 Birkerød	230 Rudersdal	1084 Hovedstaden
3480 Fredensborg	210 Fredensborg	1084 Hovedstaden
3480 Fredensborg	217 Helsingør	1084 Hovedstaden
3480 Fredensborg	219 Hillerød	1084 Hovedstaden
3490 Kvistgård	210 Fredensborg	1084 Hovedstaden
3490 Kvistgård	217 Helsingør	1084 Hovedstaden
3500 Værløse	151 Ballerup	1084 Hovedstaden
3500 Værløse	159 Gladsaxe	1084 Hovedstaden
3500 Værløse	173 Lyngby-Taarbæk	1084 Hovedstaden
3500 Værløse	190 Furesø	1084 Hovedstaden
3500 Værløse	240 Egedal	1084 Hovedstaden
3520 Farum	190 Furesø	1084 Hovedstaden
3520 Farum	201 Allerød	1084 Hovedstaden
3520 Farum	240 Egedal	1084 Hovedstaden
3540 Lynge	201 Allerød	1084 Hovedstaden
3540 Lynge	219 Hillerød	1084 Hovedstaden
3540 Lynge	240 Egedal	1084 Hovedstaden
3550 Slangerup	201 Allerød	1084 Hovedstaden
3550 Slangerup	219 Hillerød	1084 Hovedstaden
3550 Slangerup	240 Egedal	1084 Hovedstaden
3550 Slangerup	250 Frederikssund	1084 Hovedstaden
3600 Frederikssund	219 Hillerød	1084 Hovedstaden
3600 Frederikssund	250 Frederikssund	1084 Hovedstaden
3600 Frederikssund	260 Halsnæs	1084 Hovedstaden
3630 Jægerspris	250 Frederikssund	1084 Hovedstaden
3650 Ølstykke	240 Egedal	1084 Hovedstaden
3660 Stenløse	240 Egedal	1084 Hovedstaden
3670 Veksø Sjælland	240 Egedal	1084 Hovedstaden
3670 Veksø Sjælland	265 Roskilde	1085 Sjælland
3700 Rønne	400 Bornholm	1084 Hovedstaden
3720 Aakirkeby	400 Bornholm	1084 Hovedstaden
3730 Nexø	400 Bornholm	1084 Hovedstaden
3740 Svaneke	400 Bornholm	1084 Hovedstaden
3751 Østermarie	400 Bornholm	1084 Hovedstaden
3760 Gudhjem	400 Bornholm	1084 Hovedstaden
3760 Gudhjem	411 Christiansø	1084 Hovedstaden
3770 Allinge	400 Bornholm	1084 Hovedstaden
3782 Klemensker	400 Bornholm	1084 Hovedstaden
3790 Hasle	400 Bornholm	1084 Hovedstaden
4000 Roskilde	169 Høje-Taastrup	1084 Hovedstaden
4000 Roskilde	265 Roskilde	1085 Sjælland
4000 Roskilde	350 Lejre	1085 Sjælland
4030 Tune	253 Greve	1085 Sjælland
4030 Tune	265 Roskilde	1085 Sjælland
4040 Jyllinge	265 Roskilde	1085 Sjælland
4050 Skibby	250 Frederikssund	1084 Hovedstaden
4060 Kirke Såby	350 Lejre	1085 Sjælland
4070 Kirke Hyllinge	350 Lejre	1085 Sjælland
4100 Ringsted	259 Køge	1085 Sjælland
4100 Ringsted	316 Holbæk	1085 Sjælland
4100 Ringsted	320 Faxe	1085 Sjælland
4100 Ringsted	329 Ringsted	1085 Sjælland
4100 Ringsted	340 Sorø	1085 Sjælland
4100 Ringsted	370 Næstved	1085 Sjælland
4130 Viby Sjælland	259 Køge	1085 Sjælland
4130 Viby Sjælland	265 Roskilde	1085 Sjælland
4140 Borup	259 Køge	1085 Sjælland
4140 Borup	265 Roskilde	1085 Sjælland
4140 Borup	329 Ringsted	1085 Sjælland
4160 Herlufmagle	320 Faxe	1085 Sjælland
4160 Herlufmagle	370 Næstved	1085 Sjælland
4171 Glumsø	370 Næstved	1085 Sjælland
4173 Fjenneslev	329 Ringsted	1085 Sjælland
4173 Fjenneslev	340 Sorø	1085 Sjælland
4174 Jystrup Midtsj	259 Køge	1085 Sjælland
4174 Jystrup Midtsj	329 Ringsted	1085 Sjælland
4180 Sorø	329 Ringsted	1085 Sjælland
4180 Sorø	330 Slagelse	1085 Sjælland
4180 Sorø	340 Sorø	1085 Sjælland
4190 Munke Bjergby	330 Slagelse	1085 Sjælland
4190 Munke Bjergby	340 Sorø	1085 Sjælland
4200 Slagelse	326 Kalundborg	1085 Sjælland
4200 Slagelse	330 Slagelse	1085 Sjælland
4200 Slagelse	340 Sorø	1085 Sjælland
4200 Slagelse	370 Næstved	1085 Sjælland
4220 Korsør	330 Slagelse	1085 Sjælland
4230 Skælskør	330 Slagelse	1085 Sjælland
4241 Vemmelev	330 Slagelse	1085 Sjælland
4242 Boeslunde	330 Slagelse	1085 Sjælland
4243 Rude	330 Slagelse	1085 Sjælland
4243 Rude	370 Næstved	1085 Sjælland
4250 Fuglebjerg	330 Slagelse	1085 Sjælland
4250 Fuglebjerg	370 Næstved	1085 Sjælland
4261 Dalmose	330 Slagelse	1085 Sjælland
4261 Dalmose	370 Næstved	1085 Sjælland
4262 Sandved	330 Slagelse	1085 Sjælland
4262 Sandved	370 Næstved	1085 Sjælland
4270 Høng	326 Kalundborg	1085 Sjælland
4270 Høng	330 Slagelse	1085 Sjælland
4281 Gørlev	326 Kalundborg	1085 Sjælland
4291 Ruds Vedby	326 Kalundborg	1085 Sjælland
4291 Ruds Vedby	340 Sorø	1085 Sjælland
4293 Dianalund	326 Kalundborg	1085 Sjælland
4293 Dianalund	340 Sorø	1085 Sjælland
4295 Stenlille	316 Holbæk	1085 Sjælland
4295 Stenlille	340 Sorø	1085 Sjælland
4296 Nyrup	316 Holbæk	1085 Sjælland
4296 Nyrup	340 Sorø	1085 Sjælland
4300 Holbæk	316 Holbæk	1085 Sjælland
4320 Lejre	259 Køge	1085 Sjælland
4320 Lejre	265 Roskilde	1085 Sjælland
4320 Lejre	350 Lejre	1085 Sjælland
4330 Hvalsø	316 Holbæk	1085 Sjælland
4330 Hvalsø	329 Ringsted	1085 Sjælland
4330 Hvalsø	350 Lejre	1085 Sjælland
4340 Tølløse	316 Holbæk	1085 Sjælland
4340 Tølløse	350 Lejre	1085 Sjælland
4350 Ugerløse	316 Holbæk	1085 Sjælland
4360 Kirke Eskilstrup	316 Holbæk	1085 Sjælland
4360 Kirke Eskilstrup	329 Ringsted	1085 Sjælland
4370 Store Merløse	316 Holbæk	1085 Sjælland
4370 Store Merløse	329 Ringsted	1085 Sjælland
4370 Store Merløse	340 Sorø	1085 Sjælland
4390 Vipperød	316 Holbæk	1085 Sjælland
4400 Kalundborg	326 Kalundborg	1085 Sjælland
4420 Regstrup	316 Holbæk	1085 Sjælland
4440 Mørkøv	316 Holbæk	1085 Sjælland
4450 Jyderup	316 Holbæk	1085 Sjælland
4450 Jyderup	326 Kalundborg	1085 Sjælland
4460 Snertinge	316 Holbæk	1085 Sjælland
4460 Snertinge	326 Kalundborg	1085 Sjælland
4470 Svebølle	326 Kalundborg	1085 Sjælland
4480 Store Fuglede	326 Kalundborg	1085 Sjælland
4490 Jerslev Sjælland	326 Kalundborg	1085 Sjælland
4500 Nykøbing Sj	306 Odsherred	1085 Sjælland
4520 Svinninge	316 Holbæk	1085 Sjælland
4532 Gislinge	316 Holbæk	1085 Sjælland
4534 Hørve	306 Odsherred	1085 Sjælland
4534 Hørve	326 Kalundborg	1085 Sjælland
4540 Fårevejle	306 Odsherred	1085 Sjælland
4550 Asnæs	306 Odsherred	1085 Sjælland
4560 Vig	306 Odsherred	1085 Sjælland
4571 Grevinge	306 Odsherred	1085 Sjælland
4572 Nørre Asmindrup	306 Odsherred	1085 Sjælland
4573 Højby	306 Odsherred	1085 Sjælland
4581 Rørvig	306 Odsherred	1085 Sjælland
4583 Sjællands Odde	306 Odsherred	1085 Sjælland
4591 Føllenslev	306 Odsherred	1085 Sjælland
4591 Føllenslev	326 Kalundborg	1085 Sjælland
4592 Sejerø	326 Kalundborg	1085 Sjælland
4593 Eskebjerg	326 Kalundborg	1085 Sjælland
4600 Køge	259 Køge	1085 Sjælland
4600 Køge	336 Stevns	1085 Sjælland
4621 Gadstrup	265 Roskilde	1085 Sjælland
4622 Havdrup	265 Roskilde	1085 Sjælland
4622 Havdrup	269 Solrød	1085 Sjælland
4623 Lille Skensved	259 Køge	1085 Sjælland
4623 Lille Skensved	265 Roskilde	1085 Sjælland
4623 Lille Skensved	269 Solrød	1085 Sjælland
4632 Bjæverskov	259 Køge	1085 Sjælland
4640 Faxe	320 Faxe	1085 Sjælland
4640 Faxe	370 Næstved	1085 Sjælland
4652 Hårlev	320 Faxe	1085 Sjælland
4652 Hårlev	336 Stevns	1085 Sjælland
4653 Karise	320 Faxe	1085 Sjælland
4653 Karise	336 Stevns	1085 Sjælland
4654 Faxe Ladeplads	320 Faxe	1085 Sjælland
4660 Store Heddinge	336 Stevns	1085 Sjælland
4671 Strøby	336 Stevns	1085 Sjælland
4672 Klippinge	336 Stevns	1085 Sjælland
4673 Rødvig Stevns	336 Stevns	1085 Sjælland
4681 Herfølge	259 Køge	1085 Sjælland
4682 Tureby	259 Køge	1085 Sjælland
4682 Tureby	320 Faxe	1085 Sjælland
4682 Tureby	336 Stevns	1085 Sjælland
4683 Rønnede	320 Faxe	1085 Sjælland
4683 Rønnede	370 Næstved	1085 Sjælland
4684 Holmegaard	320 Faxe	1085 Sjælland
4684 Holmegaard	370 Næstved	1085 Sjælland
4690 Haslev	320 Faxe	1085 Sjælland
4690 Haslev	329 Ringsted	1085 Sjælland
4690 Haslev	370 Næstved	1085 Sjælland
4700 Næstved	370 Næstved	1085 Sjælland
4720 Præstø	390 Vordingborg	1085 Sjælland
4733 Tappernøje	320 Faxe	1085 Sjælland
4733 Tappernøje	370 Næstved	1085 Sjælland
4733 Tappernøje	390 Vordingborg	1085 Sjælland
4735 Mern	390 Vordingborg	1085 Sjælland
4736 Karrebæksminde	370 Næstved	1085 Sjælland
4750 Lundby	370 Næstved	1085 Sjælland
4750 Lundby	390 Vordingborg	1085 Sjælland
4760 Vordingborg	390 Vordingborg	1085 Sjælland
4771 Kalvehave	390 Vordingborg	1085 Sjælland
4772 Langebæk	390 Vordingborg	1085 Sjælland
4773 Stensved	390 Vordingborg	1085 Sjælland
4780 Stege	390 Vordingborg	1085 Sjælland
4791 Borre	390 Vordingborg	1085 Sjælland
4792 Askeby	390 Vordingborg	1085 Sjælland
4793 Bogø By	390 Vordingborg	1085 Sjælland
4800 Nykøbing F	376 Guldborgsund	1085 Sjælland
4840 Nørre Alslev	376 Guldborgsund	1085 Sjælland
4850 Stubbekøbing	376 Guldborgsund	1085 Sjælland
4862 Guldborg	376 Guldborgsund	1085 Sjælland
4863 Eskilstrup	376 Guldborgsund	1085 Sjælland
4871 Horbelev	376 Guldborgsund	1085 Sjælland
4872 Idestrup	376 Guldborgsund	1085 Sjælland
4873 Væggerløse	376 Guldborgsund	1085 Sjælland
4874 Gedser	376 Guldborgsund	1085 Sjælland
4880 Nysted	376 Guldborgsund	1085 Sjælland
4891 Toreby L	376 Guldborgsund	1085 Sjælland
4892 Kettinge	376 Guldborgsund	1085 Sjælland
4894 Øster Ulslev	376 Guldborgsund	1085 Sjælland
4895 Errindlev	360 Lolland	1085 Sjælland
4900 Nakskov	360 Lolland	1085 Sjælland
4912 Harpelunde	360 Lolland	1085 Sjælland
4913 Horslunde	360 Lolland	1085 Sjælland
4920 Søllested	360 Lolland	1085 Sjælland
4930 Maribo	360 Lolland	1085 Sjælland
4930 Maribo	376 Guldborgsund	1085 Sjælland
4941 Bandholm	360 Lolland	1085 Sjælland
4943 Torrig L	360 Lolland	1085 Sjælland
4944 Fejø	360 Lolland	1085 Sjælland
4951 Nørreballe	360 Lolland	1085 Sjælland
4952 Stokkemarke	360 Lolland	1085 Sjælland
4953 Vesterborg	360 Lolland	1085 Sjælland
4960 Holeby	360 Lolland	1085 Sjælland
4970 Rødby	360 Lolland	1085 Sjælland
4983 Dannemare	360 Lolland	1085 Sjælland
4990 Sakskøbing	376 Guldborgsund	1085 Sjælland
5000 Odense C	461 Odense	1083 Syddanmark
5200 Odense V	461 Odense	1083 Syddanmark
5210 Odense NV	461 Odense	1083 Syddanmark
5220 Odense SØ	461 Odense	1083 Syddanmark
5230 Odense M	461 Odense	1083 Syddanmark
5240 Odense NØ	461 Odense	1083 Syddanmark
5250 Odense SV	461 Odense	1083 Syddanmark
5260 Odense S	461 Odense	1083 Syddanmark
5270 Odense N	461 Odense	1083 Syddanmark
5270 Odense N	480 Nordfyns	1083 Syddanmark
5290 Marslev	440 Kerteminde	1083 Syddanmark
5300 Kerteminde	440 Kerteminde	1083 Syddanmark
5320 Agedrup	461 Odense	1083 Syddanmark
5330 Munkebo	440 Kerteminde	1083 Syddanmark
5330 Munkebo	461 Odense	1083 Syddanmark
5350 Rynkeby	440 Kerteminde	1083 Syddanmark
5370 Mesinge	440 Kerteminde	1083 Syddanmark
5380 Dalby	440 Kerteminde	1083 Syddanmark
5390 Martofte	440 Kerteminde	1083 Syddanmark
5400 Bogense	480 Nordfyns	1083 Syddanmark
5450 Otterup	480 Nordfyns	1083 Syddanmark
5462 Morud	480 Nordfyns	1083 Syddanmark
5463 Harndrup	410 Middelfart	1083 Syddanmark
5464 Brenderup Fyn	410 Middelfart	1083 Syddanmark
5466 Asperup	410 Middelfart	1083 Syddanmark
5471 Søndersø	480 Nordfyns	1083 Syddanmark
5474 Veflinge	480 Nordfyns	1083 Syddanmark
5485 Skamby	480 Nordfyns	1083 Syddanmark
5491 Blommenslyst	461 Odense	1083 Syddanmark
5491 Blommenslyst	480 Nordfyns	1083 Syddanmark
5492 Vissenbjerg	420 Assens	1083 Syddanmark
5492 Vissenbjerg	461 Odense	1083 Syddanmark
5492 Vissenbjerg	480 Nordfyns	1083 Syddanmark
5500 Middelfart	410 Middelfart	1083 Syddanmark
5540 Ullerslev	440 Kerteminde	1083 Syddanmark
5540 Ullerslev	450 Nyborg	1083 Syddanmark
5550 Langeskov	430 Faaborg-Midtfyn	1083 Syddanmark
5550 Langeskov	440 Kerteminde	1083 Syddanmark
5550 Langeskov	450 Nyborg	1083 Syddanmark
5560 Aarup	410 Middelfart	1083 Syddanmark
5560 Aarup	420 Assens	1083 Syddanmark
5560 Aarup	480 Nordfyns	1083 Syddanmark
5580 Nørre Aaby	410 Middelfart	1083 Syddanmark
5591 Gelsted	410 Middelfart	1083 Syddanmark
5592 Ejby	410 Middelfart	1083 Syddanmark
5600 Faaborg	430 Faaborg-Midtfyn	1083 Syddanmark
5610 Assens	420 Assens	1083 Syddanmark
5620 Glamsbjerg	420 Assens	1083 Syddanmark
5631 Ebberup	420 Assens	1083 Syddanmark
5642 Millinge	420 Assens	1083 Syddanmark
5642 Millinge	430 Faaborg-Midtfyn	1083 Syddanmark
5672 Broby	430 Faaborg-Midtfyn	1083 Syddanmark
5683 Haarby	420 Assens	1083 Syddanmark
5690 Tommerup	420 Assens	1083 Syddanmark
5700 Svendborg	479 Svendborg	1083 Syddanmark
5750 Ringe	430 Faaborg-Midtfyn	1083 Syddanmark
5762 Vester Skerninge	430 Faaborg-Midtfyn	1083 Syddanmark
5762 Vester Skerninge	479 Svendborg	1083 Syddanmark
5771 Stenstrup	430 Faaborg-Midtfyn	1083 Syddanmark
5771 Stenstrup	479 Svendborg	1083 Syddanmark
5772 Kværndrup	430 Faaborg-Midtfyn	1083 Syddanmark
5772 Kværndrup	479 Svendborg	1083 Syddanmark
5792 Årslev	430 Faaborg-Midtfyn	1083 Syddanmark
5800 Nyborg	450 Nyborg	1083 Syddanmark
5853 Ørbæk	430 Faaborg-Midtfyn	1083 Syddanmark
5853 Ørbæk	450 Nyborg	1083 Syddanmark
5854 Gislev	430 Faaborg-Midtfyn	1083 Syddanmark
5856 Ryslinge	430 Faaborg-Midtfyn	1083 Syddanmark
5863 Ferritslev Fyn	430 Faaborg-Midtfyn	1083 Syddanmark
5871 Frørup	450 Nyborg	1083 Syddanmark
5874 Hesselager	450 Nyborg	1083 Syddanmark
5874 Hesselager	479 Svendborg	1083 Syddanmark
5881 Skårup Fyn	479 Svendborg	1083 Syddanmark
5882 Vejstrup	479 Svendborg	1083 Syddanmark
5883 Oure	479 Svendborg	1083 Syddanmark
5884 Gudme	479 Svendborg	1083 Syddanmark
5892 Gudbjerg Sydfyn	479 Svendborg	1083 Syddanmark
5900 Rudkøbing	482 Langeland	1083 Syddanmark
5932 Humble	482 Langeland	1083 Syddanmark
5935 Bagenkop	482 Langeland	1083 Syddanmark
5953 Tranekær	482 Langeland	1083 Syddanmark
5960 Marstal	492 Ærø	1083 Syddanmark
5970 Ærøskøbing	492 Ærø	1083 Syddanmark
5985 Søby Ærø	492 Ærø	1083 Syddanmark
6000 Kolding	621 Kolding	1083 Syddanmark
6040 Egtved	621 Kolding	1083 Syddanmark
6040 Egtved	630 Vejle	1083 Syddanmark
6051 Almind	621 Kolding	1083 Syddanmark
6052 Viuf	621 Kolding	1083 Syddanmark
6052 Viuf	630 Vejle	1083 Syddanmark
6064 Jordrup	621 Kolding	1083 Syddanmark
6070 Christiansfeld	510 Haderslev	1083 Syddanmark
6070 Christiansfeld	621 Kolding	1083 Syddanmark
6091 Bjert	621 Kolding	1083 Syddanmark
6092 Sønder Stenderup	621 Kolding	1083 Syddanmark
6093 Sjølund	621 Kolding	1083 Syddanmark
6094 Hejls	510 Haderslev	1083 Syddanmark
6094 Hejls	621 Kolding	1083 Syddanmark
6100 Haderslev	510 Haderslev	1083 Syddanmark
6100 Haderslev	621 Kolding	1083 Syddanmark
6200 Aabenraa	580 Aabenraa	1083 Syddanmark
6230 Rødekro	580 Aabenraa	1083 Syddanmark
6240 Løgumkloster	550 Tønder	1083 Syddanmark
6261 Bredebro	550 Tønder	1083 Syddanmark
6270 Tønder	550 Tønder	1083 Syddanmark
6280 Højer	550 Tønder	1083 Syddanmark
6300 Gråsten	540 Sønderborg	1083 Syddanmark
6310 Broager	540 Sønderborg	1083 Syddanmark
6320 Egernsund	540 Sønderborg	1083 Syddanmark
6330 Padborg	580 Aabenraa	1083 Syddanmark
6340 Kruså	580 Aabenraa	1083 Syddanmark
6360 Tinglev	580 Aabenraa	1083 Syddanmark
6372 Bylderup-Bov	580 Aabenraa	1083 Syddanmark
6392 Bolderslev	580 Aabenraa	1083 Syddanmark
6400 Sønderborg	540 Sønderborg	1083 Syddanmark
6430 Nordborg	540 Sønderborg	1083 Syddanmark
6440 Augustenborg	540 Sønderborg	1083 Syddanmark
6470 Sydals	540 Sønderborg	1083 Syddanmark
6500 Vojens	510 Haderslev	1083 Syddanmark
6510 Gram	510 Haderslev	1083 Syddanmark
6520 Toftlund	510 Haderslev	1083 Syddanmark
6520 Toftlund	550 Tønder	1083 Syddanmark
6534 Agerskov	510 Haderslev	1083 Syddanmark
6534 Agerskov	550 Tønder	1083 Syddanmark
6534 Agerskov	580 Aabenraa	1083 Syddanmark
6535 Branderup J	550 Tønder	1083 Syddanmark
6541 Bevtoft	510 Haderslev	1083 Syddanmark
6541 Bevtoft	550 Tønder	1083 Syddanmark
6560 Sommersted	510 Haderslev	1083 Syddanmark
6560 Sommersted	621 Kolding	1083 Syddanmark
6580 Vamdrup	621 Kolding	1083 Syddanmark
6600 Vejen	575 Vejen	1083 Syddanmark
6621 Gesten	575 Vejen	1083 Syddanmark
6622 Bække	575 Vejen	1083 Syddanmark
6623 Vorbasse	530 Billund	1083 Syddanmark
6623 Vorbasse	630 Vejle	1083 Syddanmark
6630 Rødding	510 Haderslev	1083 Syddanmark
6630 Rødding	575 Vejen	1083 Syddanmark
6640 Lunderskov	621 Kolding	1083 Syddanmark
6650 Brørup	575 Vejen	1083 Syddanmark
6660 Lintrup	575 Vejen	1083 Syddanmark
6670 Holsted	561 Esbjerg	1083 Syddanmark
6670 Holsted	575 Vejen	1083 Syddanmark
6682 Hovborg	573 Varde	1083 Syddanmark
6682 Hovborg	575 Vejen	1083 Syddanmark
6683 Føvling	561 Esbjerg	1083 Syddanmark
6683 Føvling	575 Vejen	1083 Syddanmark
6690 Gørding	561 Esbjerg	1083 Syddanmark
6690 Gørding	575 Vejen	1083 Syddanmark
6700 Esbjerg	561 Esbjerg	1083 Syddanmark
6705 Esbjerg Ø	561 Esbjerg	1083 Syddanmark
6710 Esbjerg V	561 Esbjerg	1083 Syddanmark
6715 Esbjerg N	561 Esbjerg	1083 Syddanmark
6720 Fanø	563 Fanø	1083 Syddanmark
6731 Tjæreborg	561 Esbjerg	1083 Syddanmark
6740 Bramming	561 Esbjerg	1083 Syddanmark
6752 Glejbjerg	575 Vejen	1083 Syddanmark
6753 Agerbæk	573 Varde	1083 Syddanmark
6753 Agerbæk	575 Vejen	1083 Syddanmark
6760 Ribe	561 Esbjerg	1083 Syddanmark
6771 Gredstedbro	561 Esbjerg	1083 Syddanmark
6780 Skærbæk	550 Tønder	1083 Syddanmark
6792 Rømø	550 Tønder	1083 Syddanmark
6800 Varde	573 Varde	1083 Syddanmark
6818 Årre	561 Esbjerg	1083 Syddanmark
6818 Årre	573 Varde	1083 Syddanmark
6823 Ansager	530 Billund	1083 Syddanmark
6823 Ansager	573 Varde	1083 Syddanmark
6830 Nørre Nebel	573 Varde	1083 Syddanmark
6830 Nørre Nebel	760 Ringkøbing-Skjern	1082 Midtjylland
6840 Oksbøl	573 Varde	1083 Syddanmark
6851 Janderup Vestj	573 Varde	1083 Syddanmark
6852 Billum	573 Varde	1083 Syddanmark
6853 Vejers Strand	573 Varde	1083 Syddanmark
6854 Henne	573 Varde	1083 Syddanmark
6855 Outrup	573 Varde	1083 Syddanmark
6857 Blåvand	573 Varde	1083 Syddanmark
6862 Tistrup	573 Varde	1083 Syddanmark
6870 Ølgod	573 Varde	1083 Syddanmark
6870 Ølgod	760 Ringkøbing-Skjern	1082 Midtjylland
6880 Tarm	573 Varde	1083 Syddanmark
6880 Tarm	760 Ringkøbing-Skjern	1082 Midtjylland
6893 Hemmet	760 Ringkøbing-Skjern	1082 Midtjylland
6900 Skjern	760 Ringkøbing-Skjern	1082 Midtjylland
6920 Videbæk	760 Ringkøbing-Skjern	1082 Midtjylland
6933 Kibæk	657 Herning	1082 Midtjylland
6933 Kibæk	760 Ringkøbing-Skjern	1082 Midtjylland
6940 Lem St	760 Ringkøbing-Skjern	1082 Midtjylland
6950 Ringkøbing	760 Ringkøbing-Skjern	1082 Midtjylland
6960 Hvide Sande	760 Ringkøbing-Skjern	1082 Midtjylland
6971 Spjald	760 Ringkøbing-Skjern	1082 Midtjylland
6973 Ørnhøj	657 Herning	1082 Midtjylland
6973 Ørnhøj	760 Ringkøbing-Skjern	1082 Midtjylland
6980 Tim	760 Ringkøbing-Skjern	1082 Midtjylland
6990 Ulfborg	657 Herning	1082 Midtjylland
6990 Ulfborg	661 Holstebro	1082 Midtjylland
6990 Ulfborg	665 Lemvig	1082 Midtjylland
6990 Ulfborg	760 Ringkøbing-Skjern	1082 Midtjylland
7000 Fredericia	607 Fredericia	1083 Syddanmark
7000 Fredericia	630 Vejle	1083 Syddanmark
7080 Børkop	630 Vejle	1083 Syddanmark
7100 Vejle	630 Vejle	1083 Syddanmark
7100 Vejle	766 Hedensted	1082 Midtjylland
7120 Vejle Øst	630 Vejle	1083 Syddanmark
7120 Vejle Øst	766 Hedensted	1082 Midtjylland
7130 Juelsminde	766 Hedensted	1082 Midtjylland
7140 Stouby	766 Hedensted	1082 Midtjylland
7150 Barrit	766 Hedensted	1082 Midtjylland
7160 Tørring	630 Vejle	1083 Syddanmark
7160 Tørring	766 Hedensted	1082 Midtjylland
7171 Uldum	766 Hedensted	1082 Midtjylland
7173 Vonge	630 Vejle	1083 Syddanmark
7182 Bredsten	630 Vejle	1083 Syddanmark
7183 Randbøl	630 Vejle	1083 Syddanmark
7184 Vandel	630 Vejle	1083 Syddanmark
7190 Billund	530 Billund	1083 Syddanmark
7190 Billund	630 Vejle	1083 Syddanmark
7200 Grindsted	530 Billund	1083 Syddanmark
7200 Grindsted	573 Varde	1083 Syddanmark
7200 Grindsted	630 Vejle	1083 Syddanmark
7250 Hejnsvig	530 Billund	1083 Syddanmark
7260 Sønder Omme	530 Billund	1083 Syddanmark
7260 Sønder Omme	657 Herning	1082 Midtjylland
7270 Stakroge	657 Herning	1082 Midtjylland
7270 Stakroge	760 Ringkøbing-Skjern	1082 Midtjylland
7280 Sønder Felding	657 Herning	1082 Midtjylland
7280 Sønder Felding	760 Ringkøbing-Skjern	1082 Midtjylland
7300 Jelling	630 Vejle	1083 Syddanmark
7321 Gadbjerg	630 Vejle	1083 Syddanmark
7323 Give	630 Vejle	1083 Syddanmark
7323 Give	756 Ikast-Brande	1082 Midtjylland
7330 Brande	630 Vejle	1083 Syddanmark
7330 Brande	657 Herning	1082 Midtjylland
7330 Brande	756 Ikast-Brande	1082 Midtjylland
7361 Ejstrupholm	630 Vejle	1083 Syddanmark
7361 Ejstrupholm	756 Ikast-Brande	1082 Midtjylland
7362 Hampen	740 Silkeborg	1082 Midtjylland
7362 Hampen	756 Ikast-Brande	1082 Midtjylland
7400 Herning	657 Herning	1082 Midtjylland
7400 Herning	756 Ikast-Brande	1082 Midtjylland
7400 Herning	760 Ringkøbing-Skjern	1082 Midtjylland
7430 Ikast	756 Ikast-Brande	1082 Midtjylland
7441 Bording	740 Silkeborg	1082 Midtjylland
7441 Bording	756 Ikast-Brande	1082 Midtjylland
7442 Engesvang	740 Silkeborg	1082 Midtjylland
7442 Engesvang	756 Ikast-Brande	1082 Midtjylland
7451 Sunds	657 Herning	1082 Midtjylland
7451 Sunds	756 Ikast-Brande	1082 Midtjylland
7470 Karup J	657 Herning	1082 Midtjylland
7470 Karup J	740 Silkeborg	1082 Midtjylland
7470 Karup J	791 Viborg	1082 Midtjylland
7480 Vildbjerg	657 Herning	1082 Midtjylland
7480 Vildbjerg	760 Ringkøbing-Skjern	1082 Midtjylland
7490 Aulum	657 Herning	1082 Midtjylland
7500 Holstebro	657 Herning	1082 Midtjylland
7500 Holstebro	661 Holstebro	1082 Midtjylland
7500 Holstebro	671 Struer	1082 Midtjylland
7540 Haderup	657 Herning	1082 Midtjylland
7540 Haderup	661 Holstebro	1082 Midtjylland
7550 Sørvad	657 Herning	1082 Midtjylland
7560 Hjerm	661 Holstebro	1082 Midtjylland
7560 Hjerm	671 Struer	1082 Midtjylland
7570 Vemb	661 Holstebro	1082 Midtjylland
7570 Vemb	665 Lemvig	1082 Midtjylland
7600 Struer	661 Holstebro	1082 Midtjylland
7600 Struer	665 Lemvig	1082 Midtjylland
7600 Struer	671 Struer	1082 Midtjylland
7620 Lemvig	665 Lemvig	1082 Midtjylland
7650 Bøvlingbjerg	665 Lemvig	1082 Midtjylland
7660 Bækmarksbro	665 Lemvig	1082 Midtjylland
7660 Bækmarksbro	671 Struer	1082 Midtjylland
7673 Harboøre	665 Lemvig	1082 Midtjylland
7680 Thyborøn	665 Lemvig	1082 Midtjylland
7700 Thisted	787 Thisted	1081 Nordjylland
7730 Hanstholm	787 Thisted	1081 Nordjylland
7741 Frøstrup	787 Thisted	1081 Nordjylland
7742 Vesløs	787 Thisted	1081 Nordjylland
7752 Snedsted	787 Thisted	1081 Nordjylland
7755 Bedsted Thy	787 Thisted	1081 Nordjylland
7760 Hurup Thy	671 Struer	1082 Midtjylland
7760 Hurup Thy	787 Thisted	1081 Nordjylland
7770 Vestervig	787 Thisted	1081 Nordjylland
7790 Thyholm	671 Struer	1082 Midtjylland
7800 Skive	661 Holstebro	1082 Midtjylland
7800 Skive	779 Skive	1082 Midtjylland
7800 Skive	791 Viborg	1082 Midtjylland
7830 Vinderup	661 Holstebro	1082 Midtjylland
7830 Vinderup	671 Struer	1082 Midtjylland
7830 Vinderup	779 Skive	1082 Midtjylland
7840 Højslev	779 Skive	1082 Midtjylland
7840 Højslev	791 Viborg	1082 Midtjylland
7850 Stoholm Jyll	791 Viborg	1082 Midtjylland
7860 Spøttrup	779 Skive	1082 Midtjylland
7870 Roslev	779 Skive	1082 Midtjylland
7884 Fur	779 Skive	1082 Midtjylland
7900 Nykøbing M	773 Morsø	1081 Nordjylland
7950 Erslev	773 Morsø	1081 Nordjylland
7960 Karby	773 Morsø	1081 Nordjylland
7970 Redsted M	773 Morsø	1081 Nordjylland
7980 Vils	773 Morsø	1081 Nordjylland
7990 Øster Assels	773 Morsø	1081 Nordjylland
8000 Aarhus C	751 Aarhus	1082 Midtjylland
8200 Aarhus N	751 Aarhus	1082 Midtjylland
8210 Aarhus V	751 Aarhus	1082 Midtjylland
8220 Brabrand	751 Aarhus	1082 Midtjylland
8230 Åbyhøj	751 Aarhus	1082 Midtjylland
8240 Risskov	751 Aarhus	1082 Midtjylland
8250 Egå	751 Aarhus	1082 Midtjylland
8260 Viby J	751 Aarhus	1082 Midtjylland
8270 Højbjerg	751 Aarhus	1082 Midtjylland
8300 Odder	727 Odder	1082 Midtjylland
8300 Odder	751 Aarhus	1082 Midtjylland
8305 Samsø	741 Samsø	1082 Midtjylland
8310 Tranbjerg J	751 Aarhus	1082 Midtjylland
8320 Mårslet	751 Aarhus	1082 Midtjylland
8330 Beder	751 Aarhus	1082 Midtjylland
8340 Malling	727 Odder	1082 Midtjylland
8340 Malling	751 Aarhus	1082 Midtjylland
8350 Hundslund	727 Odder	1082 Midtjylland
8355 Solbjerg	751 Aarhus	1082 Midtjylland
8361 Hasselager	751 Aarhus	1082 Midtjylland
8362 Hørning	746 Skanderborg	1082 Midtjylland
8362 Hørning	751 Aarhus	1082 Midtjylland
8370 Hadsten	710 Favrskov	1082 Midtjylland
8380 Trige	710 Favrskov	1082 Midtjylland
8380 Trige	751 Aarhus	1082 Midtjylland
8381 Tilst	751 Aarhus	1082 Midtjylland
8382 Hinnerup	710 Favrskov	1082 Midtjylland
8382 Hinnerup	751 Aarhus	1082 Midtjylland
8400 Ebeltoft	706 Syddjurs	1082 Midtjylland
8410 Rønde	706 Syddjurs	1082 Midtjylland
8420 Knebel	706 Syddjurs	1082 Midtjylland
8444 Balle	706 Syddjurs	1082 Midtjylland
8444 Balle	707 Norddjurs	1082 Midtjylland
8450 Hammel	710 Favrskov	1082 Midtjylland
8450 Hammel	740 Silkeborg	1082 Midtjylland
8462 Harlev J	751 Aarhus	1082 Midtjylland
8464 Galten	746 Skanderborg	1082 Midtjylland
8464 Galten	751 Aarhus	1082 Midtjylland
8471 Sabro	710 Favrskov	1082 Midtjylland
8471 Sabro	746 Skanderborg	1082 Midtjylland
8471 Sabro	751 Aarhus	1082 Midtjylland
8472 Sporup	710 Favrskov	1082 Midtjylland
8472 Sporup	740 Silkeborg	1082 Midtjylland
8472 Sporup	746 Skanderborg	1082 Midtjylland
8500 Grenaa	707 Norddjurs	1082 Midtjylland
8520 Lystrup	751 Aarhus	1082 Midtjylland
8530 Hjortshøj	751 Aarhus	1082 Midtjylland
8541 Skødstrup	751 Aarhus	1082 Midtjylland
8543 Hornslet	706 Syddjurs	1082 Midtjylland
8543 Hornslet	751 Aarhus	1082 Midtjylland
8544 Mørke	706 Syddjurs	1082 Midtjylland
8550 Ryomgård	706 Syddjurs	1082 Midtjylland
8550 Ryomgård	707 Norddjurs	1082 Midtjylland
8560 Kolind	706 Syddjurs	1082 Midtjylland
8560 Kolind	707 Norddjurs	1082 Midtjylland
8570 Trustrup	706 Syddjurs	1082 Midtjylland
8570 Trustrup	707 Norddjurs	1082 Midtjylland
8581 Nimtofte	706 Syddjurs	1082 Midtjylland
8581 Nimtofte	707 Norddjurs	1082 Midtjylland
8585 Glesborg	707 Norddjurs	1082 Midtjylland
8586 Ørum Djurs	707 Norddjurs	1082 Midtjylland
8592 Anholt	707 Norddjurs	1082 Midtjylland
8600 Silkeborg	740 Silkeborg	1082 Midtjylland
8600 Silkeborg	746 Skanderborg	1082 Midtjylland
8600 Silkeborg	756 Ikast-Brande	1082 Midtjylland
8620 Kjellerup	740 Silkeborg	1082 Midtjylland
8620 Kjellerup	791 Viborg	1082 Midtjylland
8632 Lemming	740 Silkeborg	1082 Midtjylland
8641 Sorring	710 Favrskov	1082 Midtjylland
8641 Sorring	740 Silkeborg	1082 Midtjylland
8643 Ans By	740 Silkeborg	1082 Midtjylland
8643 Ans By	791 Viborg	1082 Midtjylland
8653 Them	740 Silkeborg	1082 Midtjylland
8654 Bryrup	615 Horsens	1082 Midtjylland
8654 Bryrup	740 Silkeborg	1082 Midtjylland
8654 Bryrup	756 Ikast-Brande	1082 Midtjylland
8660 Skanderborg	615 Horsens	1082 Midtjylland
8660 Skanderborg	727 Odder	1082 Midtjylland
8660 Skanderborg	746 Skanderborg	1082 Midtjylland
8660 Skanderborg	751 Aarhus	1082 Midtjylland
8670 Låsby	746 Skanderborg	1082 Midtjylland
8680 Ry	615 Horsens	1082 Midtjylland
8680 Ry	740 Silkeborg	1082 Midtjylland
8680 Ry	746 Skanderborg	1082 Midtjylland
8700 Horsens	615 Horsens	1082 Midtjylland
8700 Horsens	766 Hedensted	1082 Midtjylland
8721 Daugård	630 Vejle	1083 Syddanmark
8721 Daugård	766 Hedensted	1082 Midtjylland
8722 Hedensted	766 Hedensted	1082 Midtjylland
8723 Løsning	766 Hedensted	1082 Midtjylland
8732 Hovedgård	615 Horsens	1082 Midtjylland
8740 Brædstrup	615 Horsens	1082 Midtjylland
8740 Brædstrup	740 Silkeborg	1082 Midtjylland
8751 Gedved	615 Horsens	1082 Midtjylland
8751 Gedved	746 Skanderborg	1082 Midtjylland
8752 Østbirk	615 Horsens	1082 Midtjylland
8762 Flemming	766 Hedensted	1082 Midtjylland
8763 Rask Mølle	766 Hedensted	1082 Midtjylland
8765 Klovborg	615 Horsens	1082 Midtjylland
8765 Klovborg	756 Ikast-Brande	1082 Midtjylland
8766 Nørre Snede	756 Ikast-Brande	1082 Midtjylland
8766 Nørre Snede	766 Hedensted	1082 Midtjylland
8781 Stenderup	615 Horsens	1082 Midtjylland
8781 Stenderup	766 Hedensted	1082 Midtjylland
8783 Hornsyld	615 Horsens	1082 Midtjylland
8783 Hornsyld	766 Hedensted	1082 Midtjylland
8800 Viborg	740 Silkeborg	1082 Midtjylland
8800 Viborg	791 Viborg	1082 Midtjylland
8830 Tjele	791 Viborg	1082 Midtjylland
8831 Løgstrup	791 Viborg	1082 Midtjylland
8832 Skals	791 Viborg	1082 Midtjylland
8840 Rødkærsbro	740 Silkeborg	1082 Midtjylland
8840 Rødkærsbro	791 Viborg	1082 Midtjylland
8850 Bjerringbro	710 Favrskov	1082 Midtjylland
8850 Bjerringbro	791 Viborg	1082 Midtjylland
8860 Ulstrup	710 Favrskov	1082 Midtjylland
8860 Ulstrup	730 Randers	1082 Midtjylland
8860 Ulstrup	791 Viborg	1082 Midtjylland
8870 Langå	710 Favrskov	1082 Midtjylland
8870 Langå	730 Randers	1082 Midtjylland
8881 Thorsø	710 Favrskov	1082 Midtjylland
8881 Thorsø	740 Silkeborg	1082 Midtjylland
8882 Fårvang	710 Favrskov	1082 Midtjylland
8882 Fårvang	740 Silkeborg	1082 Midtjylland
8883 Gjern	740 Silkeborg	1082 Midtjylland
8900 Randers C	730 Randers	1082 Midtjylland
8920 Randers NV	730 Randers	1082 Midtjylland
8930 Randers NØ	730 Randers	1082 Midtjylland
8940 Randers SV	710 Favrskov	1082 Midtjylland
8940 Randers SV	730 Randers	1082 Midtjylland
8950 Ørsted	707 Norddjurs	1082 Midtjylland
8960 Randers SØ	710 Favrskov	1082 Midtjylland
8960 Randers SØ	730 Randers	1082 Midtjylland
8961 Allingåbro	707 Norddjurs	1082 Midtjylland
8963 Auning	706 Syddjurs	1082 Midtjylland
8963 Auning	707 Norddjurs	1082 Midtjylland
8970 Havndal	730 Randers	1082 Midtjylland
8970 Havndal	846 Mariagerfjord	1081 Nordjylland
8981 Spentrup	730 Randers	1082 Midtjylland
8983 Gjerlev J	730 Randers	1082 Midtjylland
8990 Fårup	730 Randers	1082 Midtjylland
8990 Fårup	846 Mariagerfjord	1081 Nordjylland
9000 Aalborg	851 Aalborg	1081 Nordjylland
9200 Aalborg SV	851 Aalborg	1081 Nordjylland
9210 Aalborg SØ	851 Aalborg	1081 Nordjylland
9220 Aalborg Øst	851 Aalborg	1081 Nordjylland
9230 Svenstrup J	840 Rebild	1081 Nordjylland
9230 Svenstrup J	851 Aalborg	1081 Nordjylland
9240 Nibe	820 Vesthimmerlands	1081 Nordjylland
9240 Nibe	840 Rebild	1081 Nordjylland
9240 Nibe	851 Aalborg	1081 Nordjylland
9260 Gistrup	840 Rebild	1081 Nordjylland
9260 Gistrup	851 Aalborg	1081 Nordjylland
9270 Klarup	851 Aalborg	1081 Nordjylland
9280 Storvorde	851 Aalborg	1081 Nordjylland
9293 Kongerslev	840 Rebild	1081 Nordjylland
9293 Kongerslev	851 Aalborg	1081 Nordjylland
9300 Sæby	813 Frederikshavn	1081 Nordjylland
9310 Vodskov	851 Aalborg	1081 Nordjylland
9320 Hjallerup	810 Brønderslev	1081 Nordjylland
9320 Hjallerup	851 Aalborg	1081 Nordjylland
9330 Dronninglund	810 Brønderslev	1081 Nordjylland
9330 Dronninglund	813 Frederikshavn	1081 Nordjylland
9340 Asaa	810 Brønderslev	1081 Nordjylland
9340 Asaa	813 Frederikshavn	1081 Nordjylland
9352 Dybvad	810 Brønderslev	1081 Nordjylland
9352 Dybvad	813 Frederikshavn	1081 Nordjylland
9362 Gandrup	851 Aalborg	1081 Nordjylland
9370 Hals	810 Brønderslev	1081 Nordjylland
9370 Hals	851 Aalborg	1081 Nordjylland
9380 Vestbjerg	851 Aalborg	1081 Nordjylland
9381 Sulsted	849 Jammerbugt	1081 Nordjylland
9381 Sulsted	851 Aalborg	1081 Nordjylland
9382 Tylstrup	810 Brønderslev	1081 Nordjylland
9382 Tylstrup	849 Jammerbugt	1081 Nordjylland
9382 Tylstrup	851 Aalborg	1081 Nordjylland
9400 Nørresundby	851 Aalborg	1081 Nordjylland
9430 Vadum	849 Jammerbugt	1081 Nordjylland
9430 Vadum	851 Aalborg	1081 Nordjylland
9440 Aabybro	810 Brønderslev	1081 Nordjylland
9440 Aabybro	849 Jammerbugt	1081 Nordjylland
9440 Aabybro	851 Aalborg	1081 Nordjylland
9460 Brovst	849 Jammerbugt	1081 Nordjylland
9480 Løkken	810 Brønderslev	1081 Nordjylland
9480 Løkken	849 Jammerbugt	1081 Nordjylland
9480 Løkken	860 Hjørring	1081 Nordjylland
9490 Pandrup	849 Jammerbugt	1081 Nordjylland
9492 Blokhus	849 Jammerbugt	1081 Nordjylland
9493 Saltum	849 Jammerbugt	1081 Nordjylland
9500 Hobro	791 Viborg	1082 Midtjylland
9500 Hobro	840 Rebild	1081 Nordjylland
9500 Hobro	846 Mariagerfjord	1081 Nordjylland
9510 Arden	840 Rebild	1081 Nordjylland
9510 Arden	846 Mariagerfjord	1081 Nordjylland
9520 Skørping	840 Rebild	1081 Nordjylland
9530 Støvring	840 Rebild	1081 Nordjylland
9530 Støvring	851 Aalborg	1081 Nordjylland
9541 Suldrup	820 Vesthimmerlands	1081 Nordjylland
9541 Suldrup	840 Rebild	1081 Nordjylland
9550 Mariager	730 Randers	1082 Midtjylland
9550 Mariager	846 Mariagerfjord	1081 Nordjylland
9560 Hadsund	840 Rebild	1081 Nordjylland
9560 Hadsund	846 Mariagerfjord	1081 Nordjylland
9574 Bælum	840 Rebild	1081 Nordjylland
9575 Terndrup	840 Rebild	1081 Nordjylland
9600 Aars	820 Vesthimmerlands	1081 Nordjylland
9600 Aars	840 Rebild	1081 Nordjylland
9610 Nørager	820 Vesthimmerlands	1081 Nordjylland
9610 Nørager	840 Rebild	1081 Nordjylland
9620 Aalestrup	791 Viborg	1082 Midtjylland
9620 Aalestrup	820 Vesthimmerlands	1081 Nordjylland
9620 Aalestrup	840 Rebild	1081 Nordjylland
9620 Aalestrup	846 Mariagerfjord	1081 Nordjylland
9631 Gedsted	791 Viborg	1082 Midtjylland
9631 Gedsted	820 Vesthimmerlands	1081 Nordjylland
9632 Møldrup	791 Viborg	1082 Midtjylland
9640 Farsø	820 Vesthimmerlands	1081 Nordjylland
9670 Løgstør	820 Vesthimmerlands	1081 Nordjylland
9670 Løgstør	849 Jammerbugt	1081 Nordjylland
9681 Ranum	820 Vesthimmerlands	1081 Nordjylland
9690 Fjerritslev	849 Jammerbugt	1081 Nordjylland
9700 Brønderslev	810 Brønderslev	1081 Nordjylland
9700 Brønderslev	849 Jammerbugt	1081 Nordjylland
9740 Jerslev J	810 Brønderslev	1081 Nordjylland
9740 Jerslev J	860 Hjørring	1081 Nordjylland
9750 Østervrå	810 Brønderslev	1081 Nordjylland
9750 Østervrå	813 Frederikshavn	1081 Nordjylland
9750 Østervrå	860 Hjørring	1081 Nordjylland
9760 Vrå	810 Brønderslev	1081 Nordjylland
9760 Vrå	860 Hjørring	1081 Nordjylland
9800 Hjørring	860 Hjørring	1081 Nordjylland
9830 Tårs	813 Frederikshavn	1081 Nordjylland
9830 Tårs	860 Hjørring	1081 Nordjylland
9850 Hirtshals	860 Hjørring	1081 Nordjylland
9870 Sindal	813 Frederikshavn	1081 Nordjylland
9870 Sindal	860 Hjørring	1081 Nordjylland
9881 Bindslev	813 Frederikshavn	1081 Nordjylland
9881 Bindslev	860 Hjørring	1081 Nordjylland
9900 Frederikshavn	813 Frederikshavn	1081 Nordjylland
9900 Frederikshavn	860 Hjørring	1081 Nordjylland
9940 Læsø	825 Læsø	1081 Nordjylland
9970 Strandby	813 Frederikshavn	1081 Nordjylland
9981 Jerup	813 Frederikshavn	1081 Nordjylland
9982 Ålbæk	813 Frederikshavn	1081 Nordjylland
9982 Ålbæk	860 Hjørring	1081 Nordjylland
9990 Skagen	813 Frederikshavn	1081 Nordjylland
9999 Uden fast bopæl	101 København	1084 Hovedstaden
9999 Uden fast bopæl	147 Frederiksberg	1084 Hovedstaden
9999 Uden fast bopæl	151 Ballerup	1084 Hovedstaden
9999 Uden fast bopæl	153 Brøndby	1084 Hovedstaden
9999 Uden fast bopæl	155 Dragør	1084 Hovedstaden
9999 Uden fast bopæl	157 Gentofte	1084 Hovedstaden
9999 Uden fast bopæl	159 Gladsaxe	1084 Hovedstaden
9999 Uden fast bopæl	163 Herlev	1084 Hovedstaden
9999 Uden fast bopæl	165 Albertslund	1084 Hovedstaden
9999 Uden fast bopæl	167 Hvidovre	1084 Hovedstaden
9999 Uden fast bopæl	169 Høje-Taastrup	1084 Hovedstaden
9999 Uden fast bopæl	173 Lyngby-Taarbæk	1084 Hovedstaden
9999 Uden fast bopæl	175 Rødovre	1084 Hovedstaden
9999 Uden fast bopæl	185 Tårnby	1084 Hovedstaden
9999 Uden fast bopæl	190 Furesø	1084 Hovedstaden
9999 Uden fast bopæl	201 Allerød	1084 Hovedstaden
9999 Uden fast bopæl	210 Fredensborg	1084 Hovedstaden
9999 Uden fast bopæl	217 Helsingør	1084 Hovedstaden
9999 Uden fast bopæl	219 Hillerød	1084 Hovedstaden
9999 Uden fast bopæl	223 Hørsholm	1084 Hovedstaden
9999 Uden fast bopæl	230 Rudersdal	1084 Hovedstaden
9999 Uden fast bopæl	240 Egedal	1084 Hovedstaden
9999 Uden fast bopæl	250 Frederikssund	1084 Hovedstaden
9999 Uden fast bopæl	253 Greve	1085 Sjælland
9999 Uden fast bopæl	259 Køge	1085 Sjælland
9999 Uden fast bopæl	260 Halsnæs	1084 Hovedstaden
9999 Uden fast bopæl	265 Roskilde	1085 Sjælland
9999 Uden fast bopæl	269 Solrød	1085 Sjælland
9999 Uden fast bopæl	270 Gribskov	1084 Hovedstaden
9999 Uden fast bopæl	306 Odsherred	1085 Sjælland
9999 Uden fast bopæl	316 Holbæk	1085 Sjælland
9999 Uden fast bopæl	320 Faxe	1085 Sjælland
9999 Uden fast bopæl	326 Kalundborg	1085 Sjælland
9999 Uden fast bopæl	329 Ringsted	1085 Sjælland
9999 Uden fast bopæl	330 Slagelse	1085 Sjælland
9999 Uden fast bopæl	336 Stevns	1085 Sjælland
9999 Uden fast bopæl	340 Sorø	1085 Sjælland
9999 Uden fast bopæl	350 Lejre	1085 Sjælland
9999 Uden fast bopæl	360 Lolland	1085 Sjælland
9999 Uden fast bopæl	370 Næstved	1085 Sjælland
9999 Uden fast bopæl	376 Guldborgsund	1085 Sjælland
9999 Uden fast bopæl	390 Vordingborg	1085 Sjælland
9999 Uden fast bopæl	400 Bornholm	1084 Hovedstaden
9999 Uden fast bopæl	410 Middelfart	1083 Syddanmark
9999 Uden fast bopæl	420 Assens	1083 Syddanmark
9999 Uden fast bopæl	440 Kerteminde	1083 Syddanmark
9999 Uden fast bopæl	461 Odense	1083 Syddanmark
9999 Uden fast bopæl	479 Svendborg	1083 Syddanmark
9999 Uden fast bopæl	482 Langeland	1083 Syddanmark
9999 Uden fast bopæl	510 Haderslev	1083 Syddanmark
9999 Uden fast bopæl	530 Billund	1083 Syddanmark
9999 Uden fast bopæl	561 Esbjerg	1083 Syddanmark
9999 Uden fast bopæl	573 Varde	1083 Syddanmark
9999 Uden fast bopæl	575 Vejen	1083 Syddanmark
9999 Uden fast bopæl	580 Aabenraa	1083 Syddanmark
9999 Uden fast bopæl	607 Fredericia	1083 Syddanmark
9999 Uden fast bopæl	615 Horsens	1082 Midtjylland
9999 Uden fast bopæl	621 Kolding	1083 Syddanmark
9999 Uden fast bopæl	657 Herning	1082 Midtjylland
9999 Uden fast bopæl	661 Holstebro	1082 Midtjylland
9999 Uden fast bopæl	706 Syddjurs	1082 Midtjylland
9999 Uden fast bopæl	707 Norddjurs	1082 Midtjylland
9999 Uden fast bopæl	710 Favrskov	1082 Midtjylland
9999 Uden fast bopæl	727 Odder	1082 Midtjylland
9999 Uden fast bopæl	730 Randers	1082 Midtjylland
9999 Uden fast bopæl	740 Silkeborg	1082 Midtjylland
9999 Uden fast bopæl	741 Samsø	1082 Midtjylland
9999 Uden fast bopæl	746 Skanderborg	1082 Midtjylland
9999 Uden fast bopæl	751 Aarhus	1082 Midtjylland
9999 Uden fast bopæl	756 Ikast-Brande	1082 Midtjylland
9999 Uden fast bopæl	760 Ringkøbing-Skjern	1082 Midtjylland
9999 Uden fast bopæl	766 Hedensted	1082 Midtjylland
9999 Uden fast bopæl	779 Skive	1082 Midtjylland
9999 Uden fast bopæl	787 Thisted	1081 Nordjylland
9999 Uden fast bopæl	791 Viborg	1082 Midtjylland
9999 Uden fast bopæl	810 Brønderslev	1081 Nordjylland
9999 Uden fast bopæl	813 Frederikshavn	1081 Nordjylland
9999 Uden fast bopæl	820 Vesthimmerlands	1081 Nordjylland
9999 Uden fast bopæl	840 Rebild	1081 Nordjylland
9999 Uden fast bopæl	846 Mariagerfjord	1081 Nordjylland
9999 Uden fast bopæl	849 Jammerbugt	1081 Nordjylland
9999 Uden fast bopæl	851 Aalborg	1081 Nordjylland
9999 Uden fast bopæl	860 Hjørring	1081 Nordjylland
